location,year,value,low,high
bangladesh,2000.0000,16.2263,13.9423,19.0567
bangladesh,2001.0000,16.4306,13.3968,18.1830
bangladesh,2002.0000,15.6238,13.1543,18.3046
bangladesh,2003.0000,15.1752,12.3487,17.9203
bangladesh,2004.0000,14.7374,12.0888,17.1236
bangladesh,2005.0000,14.3131,12.4588,16.5052
bangladesh,2006.0000,13.9138,12.0349,16.1713
bangladesh,2007.0000,13.8670,11.9755,15.5952
bangladesh,2008.0000,14.0042,12.0119,15.9406
bangladesh,2009.0000,13.5238,11.6785,15.6183
bangladesh,2010.0000,13.5716,11.2977,15.4124
bangladesh,2011.0000,12.9722,11.5693,15.4623
bangladesh,2012.0000,13.0406,10.9152,14.6296
bangladesh,2013.0000,12.4643,11.3063,15.1010
bangladesh,2014.0000,12.7261,11.0202,14.6520
bangladesh,2015.0000,12.4753,11.0686,14.6883
bangladesh,2016.0000,12.4763,10.6008,13.9531
bangladesh,2017.0000,12.2483,10.5576,14.2931
bangladesh,2018.0000,12.2387,10.1703,13.8326
bangladesh,2019.0000,12.2627,10.0654,13.5698
bangladesh,2020.0000,11.4537,10.2200,12.4477
bangladesh,2021.0000,11.6942,9.8671,13.2121
bangladesh,2022.0000,11.4631,10.2476,13.1050
bangladesh,2023.0000,11.5196,9.4524,13.2280
bangladesh,2024.0000,11.3108,9.7199,12.7658
bangladesh,2025.0000,11.5909,9.9452,12.7608
bangladesh,2026.0000,11.2648,9.8799,12.7850
bangladesh,2027.0000,11.2819,9.2187,12.7052
bangladesh,2028.0000,10.9515,9.4147,12.8308
bangladesh,2029.0000,11.2113,9.4660,12.6271
bangladesh,2030.0000,10.8474,9.1925,12.3688
bangladesh,2031.0000,11.0291,9.2768,12.4682
bangladesh,2032.0000,11.0777,9.0349,12.1259
bangladesh,2033.0000,10.8385,8.8933,12.3490
bangladesh,2034.0000,10.8109,9.2505,12.5240
bangladesh,2035.0000,10.7538,9.1966,12.1899
bangladesh,2036.0000,10.5030,9.1768,11.8787
bangladesh,2037.0000,10.5974,9.2035,12.1499
bangladesh,2038.0000,10.5676,8.9175,12.5068
bangladesh,2039.0000,10.4400,8.9014,12.2241
bangladesh,2040.0000,10.2185,8.6949,12.4920
bangladesh,2041.0000,10.2991,8.3853,11.8779
bangladesh,2042.0000,10.3042,8.4202,11.9193
bangladesh,2043.0000,10.1439,8.4620,11.7215
bangladesh,2044.0000,10.0650,8.5526,11.6094
bangladesh,2045.0000,10.1841,8.0793,11.9517
bangladesh,2046.0000,10.1991,8.3567,11.9141
bangladesh,2047.0000,9.6202,7.9079,11.7029
bangladesh,2048.0000,9.8439,8.2532,11.4801
bangladesh,2049.0000,9.6501,8.0923,11.4163
bangladesh,2050.0000,9.6120,8.0343,11.8811
bangladesh,2051.0000,9.5509,7.6600,11.4817
bangladesh,2052.0000,9.6700,7.9725,11.3561
bangladesh,2053.0000,9.5239,7.7375,11.3242
bangladesh,2054.0000,9.2297,7.8186,11.4452
bangladesh,2055.0000,9.4953,7.7147,10.9042
bangladesh,2056.0000,9.1225,7.6717,11.2568
bangladesh,2057.0000,9.7051,7.5505,10.7948
bangladesh,2058.0000,9.0272,7.3676,10.6871
bangladesh,2059.0000,9.5693,7.7373,11.1771
bangladesh,2060.0000,9.0004,7.2873,10.5346
bangladesh,2061.0000,9.0739,7.1588,10.8892
bangladesh,2062.0000,9.0628,6.9813,10.7650
bangladesh,2063.0000,9.1137,6.8952,10.4737
bangladesh,2064.0000,8.8449,7.0797,10.7926
bangladesh,2065.0000,8.6835,7.0720,10.8511
bangladesh,2066.0000,9.0299,6.5508,10.6819
bangladesh,2067.0000,8.7655,6.9100,10.3746
bangladesh,2068.0000,8.7344,6.9940,11.1618
bangladesh,2069.0000,8.4772,6.6220,10.4945
bangladesh,2070.0000,8.6167,6.5709,11.0120
bangladesh,2071.0000,8.4666,6.2189,10.3178
bangladesh,2072.0000,8.4929,6.7307,10.4787
bangladesh,2073.0000,8.1688,6.4178,10.5583
bangladesh,2074.0000,8.5690,5.8736,10.2662
bangladesh,2075.0000,8.0159,5.9303,10.1980
bangladesh,2076.0000,7.8626,6.4679,10.0533
bangladesh,2077.0000,7.7538,5.9210,10.1243
bangladesh,2078.0000,7.9643,5.7390,10.0857
bangladesh,2079.0000,8.0222,5.7275,10.1745
bangladesh,2080.0000,7.9205,5.9281,11.4432
bangladesh,2081.0000,7.8290,5.5307,10.7652
bangladesh,2082.0000,7.6007,5.8762,10.3508
bangladesh,2083.0000,7.6678,5.5687,10.6113
bangladesh,2084.0000,7.5120,5.7443,10.1576
bangladesh,2085.0000,7.5448,5.4047,9.5961
bangladesh,2086.0000,7.6606,5.5543,9.9721
bangladesh,2087.0000,7.4422,5.0515,9.4973
bangladesh,2088.0000,7.4170,5.4268,10.1821
bangladesh,2089.0000,7.5837,5.3520,10.5405
bangladesh,2090.0000,7.0758,5.3633,9.9143
bangladesh,2091.0000,7.0578,5.1876,9.4956
bangladesh,2092.0000,7.0618,5.0108,9.7233
bangladesh,2093.0000,7.1180,5.0843,9.2792
bangladesh,2094.0000,7.0232,4.9528,9.7591
bangladesh,2095.0000,6.9138,4.7722,9.4069
bangladesh,2096.0000,6.9792,4.8799,9.8974
bangladesh,2097.0000,6.8159,4.6287,9.6507
bangladesh,2098.0000,6.8041,4.9784,9.4722
bangladesh,2099.0000,6.8340,4.6549,10.0917
bangladesh,2100.0000,6.7191,4.8000,9.6281
burkina faso,2000.0000,20.5228,16.4932,24.5884
burkina faso,2001.0000,19.8095,16.7588,24.3017
burkina faso,2002.0000,20.0133,15.6788,24.4819
burkina faso,2003.0000,19.9990,16.0841,24.0799
burkina faso,2004.0000,19.6952,16.2109,24.7383
burkina faso,2005.0000,19.8215,16.6831,23.7190
burkina faso,2006.0000,19.3968,16.1195,23.8543
burkina faso,2007.0000,19.4266,16.2282,23.3283
burkina faso,2008.0000,19.4320,16.5039,23.5279
burkina faso,2009.0000,19.5901,16.0630,24.1329
burkina faso,2010.0000,20.2787,16.4413,23.9513
burkina faso,2011.0000,19.4464,16.7456,23.7296
burkina faso,2012.0000,19.7861,16.4292,24.0205
burkina faso,2013.0000,19.9878,16.5049,24.2827
burkina faso,2014.0000,20.1813,16.4987,24.1908
burkina faso,2015.0000,20.1479,16.7288,23.7126
burkina faso,2016.0000,19.7673,16.8884,23.8889
burkina faso,2017.0000,20.5976,16.4836,23.9872
burkina faso,2018.0000,20.3513,16.7364,23.8507
burkina faso,2019.0000,20.0609,17.2056,25.3748
burkina faso,2020.0000,20.4233,16.6377,23.8903
burkina faso,2021.0000,20.1120,17.1820,23.8713
burkina faso,2022.0000,20.5495,16.9116,23.0759
burkina faso,2023.0000,20.5294,17.2986,24.2457
burkina faso,2024.0000,20.3995,17.1710,23.9842
burkina faso,2025.0000,20.8466,17.2007,23.7920
burkina faso,2026.0000,20.8354,17.2002,23.7925
burkina faso,2027.0000,20.5609,16.9332,23.8882
burkina faso,2028.0000,20.4563,17.5234,23.6649
burkina faso,2029.0000,20.3377,17.7920,24.0016
burkina faso,2030.0000,20.5627,17.7641,23.4230
burkina faso,2031.0000,21.0994,17.6886,24.1413
burkina faso,2032.0000,20.4462,17.3159,23.8121
burkina faso,2033.0000,20.9889,17.0371,23.9908
burkina faso,2034.0000,20.8122,17.4766,24.3242
burkina faso,2035.0000,20.9249,17.4351,24.2805
burkina faso,2036.0000,20.5640,17.8517,23.7869
burkina faso,2037.0000,20.6240,17.2937,24.5190
burkina faso,2038.0000,20.8211,16.9584,24.4158
burkina faso,2039.0000,20.7766,17.5144,23.8364
burkina faso,2040.0000,20.4289,18.2133,24.0764
burkina faso,2041.0000,20.7664,17.4837,24.1062
burkina faso,2042.0000,20.3198,17.5754,24.4556
burkina faso,2043.0000,20.9198,17.5515,24.9054
burkina faso,2044.0000,20.6311,17.9056,23.5245
burkina faso,2045.0000,20.0203,17.4155,24.2009
burkina faso,2046.0000,20.7535,17.7092,24.6429
burkina faso,2047.0000,20.3494,18.3242,23.6969
burkina faso,2048.0000,20.3043,17.8611,23.9486
burkina faso,2049.0000,20.4386,17.5467,24.3291
burkina faso,2050.0000,20.4054,17.7012,23.6291
burkina faso,2051.0000,20.4597,17.5322,24.1299
burkina faso,2052.0000,20.5890,17.7907,24.1854
burkina faso,2053.0000,20.6731,17.4243,24.3433
burkina faso,2054.0000,20.5703,17.5098,23.8258
burkina faso,2055.0000,20.7189,17.6357,23.5394
burkina faso,2056.0000,20.5218,17.0055,23.7571
burkina faso,2057.0000,20.8761,17.6342,24.1114
burkina faso,2058.0000,20.4727,17.7243,23.8714
burkina faso,2059.0000,19.9643,18.0259,24.4714
burkina faso,2060.0000,20.5517,17.5359,23.9334
burkina faso,2061.0000,20.5759,17.1126,24.2997
burkina faso,2062.0000,20.5393,17.2719,24.2539
burkina faso,2063.0000,20.6523,17.9061,24.3545
burkina faso,2064.0000,20.7987,17.7555,24.4141
burkina faso,2065.0000,20.7977,17.7564,23.8132
burkina faso,2066.0000,20.5243,17.7591,23.7885
burkina faso,2067.0000,20.6340,17.3925,23.7526
burkina faso,2068.0000,20.6428,17.4707,23.9314
burkina faso,2069.0000,20.5935,18.0529,23.9948
burkina faso,2070.0000,20.6016,18.0215,24.1029
burkina faso,2071.0000,20.5350,17.8416,23.8970
burkina faso,2072.0000,20.5292,17.6842,24.0976
burkina faso,2073.0000,20.3779,17.5373,24.1522
burkina faso,2074.0000,20.6169,17.9105,23.4061
burkina faso,2075.0000,20.4426,17.7429,24.6386
burkina faso,2076.0000,20.5432,17.8321,23.4895
burkina faso,2077.0000,20.3391,17.8948,23.6860
burkina faso,2078.0000,20.3187,17.5495,24.1334
burkina faso,2079.0000,20.4483,17.4409,24.1288
burkina faso,2080.0000,20.3399,17.8392,24.1435
burkina faso,2081.0000,20.2192,17.5747,23.8761
burkina faso,2082.0000,20.3201,17.9339,24.1841
burkina faso,2083.0000,20.0911,17.6404,23.7474
burkina faso,2084.0000,20.5411,17.4595,23.8264
burkina faso,2085.0000,20.2649,17.8728,24.0947
burkina faso,2086.0000,20.4156,17.3595,23.6026
burkina faso,2087.0000,20.3191,17.0906,23.6438
burkina faso,2088.0000,20.4882,17.4448,24.2253
burkina faso,2089.0000,20.1673,17.8923,24.0167
burkina faso,2090.0000,20.2960,17.0252,24.1166
burkina faso,2091.0000,20.1771,17.7406,24.2612
burkina faso,2092.0000,20.2278,17.6105,24.3594
burkina faso,2093.0000,20.2739,17.7979,23.9412
burkina faso,2094.0000,20.0300,17.5203,24.1828
burkina faso,2095.0000,20.2284,17.5901,24.4440
burkina faso,2096.0000,20.2179,17.7357,24.3517
burkina faso,2097.0000,20.3188,18.0674,24.3721
burkina faso,2098.0000,20.0911,17.7124,24.1412
burkina faso,2099.0000,20.4020,17.6003,23.7424
burkina faso,2100.0000,20.0647,18.1220,24.0242
cambodia,2000.0000,15.4302,12.0335,18.4628
cambodia,2001.0000,15.1791,12.3762,18.6733
cambodia,2002.0000,14.8696,11.9442,19.6622
cambodia,2003.0000,15.5518,12.3199,20.5479
cambodia,2004.0000,15.0998,12.9390,17.7176
cambodia,2005.0000,14.7881,12.2743,17.4354
cambodia,2006.0000,14.8287,12.7179,17.6312
cambodia,2007.0000,15.2210,12.5172,17.7778
cambodia,2008.0000,15.7968,12.5598,18.6634
cambodia,2009.0000,14.8137,12.7195,17.6669
cambodia,2010.0000,14.6525,11.8705,18.0376
cambodia,2011.0000,14.9513,12.5953,18.2942
cambodia,2012.0000,15.0220,13.0379,18.9643
cambodia,2013.0000,14.8191,12.8859,18.7036
cambodia,2014.0000,15.0319,12.7196,18.0981
cambodia,2015.0000,15.1266,12.5256,17.6413
cambodia,2016.0000,14.5335,11.8752,17.2442
cambodia,2017.0000,14.7502,12.2471,17.4287
cambodia,2018.0000,14.8696,12.5786,16.6039
cambodia,2019.0000,14.5122,12.0811,16.9432
cambodia,2020.0000,14.0602,12.0717,15.2824
cambodia,2021.0000,14.0706,12.1156,17.4538
cambodia,2022.0000,14.0385,11.4839,16.2865
cambodia,2023.0000,13.7910,11.6690,16.1540
cambodia,2024.0000,13.6520,11.4333,16.1904
cambodia,2025.0000,13.7720,10.5552,16.2229
cambodia,2026.0000,13.3357,11.4486,16.5493
cambodia,2027.0000,12.8834,11.0394,16.1494
cambodia,2028.0000,13.1722,10.8939,16.0746
cambodia,2029.0000,12.7241,10.9813,16.1154
cambodia,2030.0000,12.6209,10.6503,16.2763
cambodia,2031.0000,12.7502,10.8279,15.5394
cambodia,2032.0000,12.3102,10.1220,15.0296
cambodia,2033.0000,12.2208,9.8127,15.7388
cambodia,2034.0000,12.3557,10.0552,14.0829
cambodia,2035.0000,11.7949,9.9396,14.9549
cambodia,2036.0000,11.5580,9.5459,14.9713
cambodia,2037.0000,11.7927,9.4168,14.9696
cambodia,2038.0000,11.3707,9.2420,13.8163
cambodia,2039.0000,11.5431,8.9291,14.3559
cambodia,2040.0000,10.8948,8.4328,14.4790
cambodia,2041.0000,10.8408,9.1511,13.8406
cambodia,2042.0000,10.7273,8.6892,14.1435
cambodia,2043.0000,10.4995,8.9549,12.8454
cambodia,2044.0000,10.6123,8.7231,13.7898
cambodia,2045.0000,10.2339,8.1712,12.8522
cambodia,2046.0000,10.1221,8.3603,13.5248
cambodia,2047.0000,9.8435,8.1176,12.9803
cambodia,2048.0000,9.8377,7.9390,13.2559
cambodia,2049.0000,9.7476,7.5995,13.1455
cambodia,2050.0000,9.3579,7.4682,12.2632
cambodia,2051.0000,9.3645,7.5354,11.9766
cambodia,2052.0000,9.0231,7.2134,12.1745
cambodia,2053.0000,8.9803,7.0998,12.0160
cambodia,2054.0000,8.7904,6.9555,13.2202
cambodia,2055.0000,8.8208,6.6787,12.7278
cambodia,2056.0000,8.6857,6.7601,11.9348
cambodia,2057.0000,8.4540,6.7355,11.0265
cambodia,2058.0000,8.3653,6.3968,11.4691
cambodia,2059.0000,7.9362,6.3468,10.9505
cambodia,2060.0000,7.9948,6.2225,11.5041
cambodia,2061.0000,7.9435,6.1157,11.0216
cambodia,2062.0000,7.8231,5.5851,10.8259
cambodia,2063.0000,7.7711,5.9330,11.1765
cambodia,2064.0000,7.4472,5.6846,10.8688
cambodia,2065.0000,7.7189,5.4855,10.6996
cambodia,2066.0000,7.3800,5.2846,10.1465
cambodia,2067.0000,7.2562,4.8557,10.9702
cambodia,2068.0000,6.8022,5.0100,10.0795
cambodia,2069.0000,6.9863,4.8912,10.2716
cambodia,2070.0000,6.9473,5.0594,9.6619
cambodia,2071.0000,6.6563,4.5075,9.5785
cambodia,2072.0000,6.7543,4.6434,9.7670
cambodia,2073.0000,6.3021,4.6878,8.9743
cambodia,2074.0000,6.5662,4.2796,9.4030
cambodia,2075.0000,6.5557,4.2009,9.0828
cambodia,2076.0000,6.3669,4.3773,8.7493
cambodia,2077.0000,5.8309,4.1107,8.8395
cambodia,2078.0000,5.8320,3.8599,9.2382
cambodia,2079.0000,5.7856,3.6588,8.1989
cambodia,2080.0000,5.4897,3.6679,7.9195
cambodia,2081.0000,5.5881,3.7931,8.3448
cambodia,2082.0000,5.5797,3.6103,7.9786
cambodia,2083.0000,5.4813,3.3897,8.1439
cambodia,2084.0000,5.3465,3.4629,7.6809
cambodia,2085.0000,5.3422,3.1585,7.5496
cambodia,2086.0000,5.1330,3.2689,7.3599
cambodia,2087.0000,4.9764,3.1786,7.1798
cambodia,2088.0000,5.1054,2.9884,7.4134
cambodia,2089.0000,4.6362,3.0370,7.4727
cambodia,2090.0000,4.5580,3.0927,7.0747
cambodia,2091.0000,4.4671,2.8751,6.2339
cambodia,2092.0000,4.2546,2.7569,6.7031
cambodia,2093.0000,4.3429,2.6748,7.0239
cambodia,2094.0000,4.2030,2.4916,6.5148
cambodia,2095.0000,4.0784,2.3504,7.0729
cambodia,2096.0000,4.0348,2.3284,6.4434
cambodia,2097.0000,3.9981,2.3143,5.8576
cambodia,2098.0000,4.0209,2.1636,6.4739
cambodia,2099.0000,3.7637,2.3835,6.3343
cambodia,2100.0000,3.6018,2.2543,5.5834
cameroon,2000.0000,43.8162,38.1834,51.4044
cameroon,2001.0000,42.7670,36.3676,51.1091
cameroon,2002.0000,43.7560,35.3944,50.2740
cameroon,2003.0000,41.2684,36.3766,49.6542
cameroon,2004.0000,41.7327,35.5059,49.2339
cameroon,2005.0000,41.4714,37.3835,49.8000
cameroon,2006.0000,39.6962,32.6823,48.0826
cameroon,2007.0000,40.7725,36.8604,50.3861
cameroon,2008.0000,41.3496,37.8904,47.3737
cameroon,2009.0000,38.9665,35.1843,47.9393
cameroon,2010.0000,40.9043,35.2015,48.7893
cameroon,2011.0000,41.1206,37.2543,46.9279
cameroon,2012.0000,41.6584,34.6676,47.1444
cameroon,2013.0000,39.5820,35.0007,47.7286
cameroon,2014.0000,40.3533,35.2303,48.4976
cameroon,2015.0000,40.2318,33.1028,46.4070
cameroon,2016.0000,39.0708,37.0296,48.4612
cameroon,2017.0000,41.3518,36.4668,48.0274
cameroon,2018.0000,41.5428,37.0177,45.6457
cameroon,2019.0000,40.0064,35.0737,44.6773
cameroon,2020.0000,41.1250,33.2037,45.2337
cameroon,2021.0000,40.5437,33.8298,45.8381
cameroon,2022.0000,40.5223,36.1353,47.0120
cameroon,2023.0000,40.6886,35.9341,46.4654
cameroon,2024.0000,40.2490,36.7221,45.6571
cameroon,2025.0000,39.1553,36.3909,46.7423
cameroon,2026.0000,39.0475,35.4064,46.1462
cameroon,2027.0000,39.7660,35.9723,46.7166
cameroon,2028.0000,40.9009,37.3042,44.7819
cameroon,2029.0000,40.0053,36.1415,47.0641
cameroon,2030.0000,42.3040,37.0022,45.5783
cameroon,2031.0000,41.3858,36.8272,46.9979
cameroon,2032.0000,40.4121,36.4792,47.2762
cameroon,2033.0000,40.5430,35.8215,47.2434
cameroon,2034.0000,38.5076,37.0322,48.2921
cameroon,2035.0000,39.9863,36.7790,48.6292
cameroon,2036.0000,40.4643,36.4481,47.4193
cameroon,2037.0000,41.9719,36.3128,46.8248
cameroon,2038.0000,40.9841,37.4780,47.4579
cameroon,2039.0000,41.1127,36.8772,49.1023
cameroon,2040.0000,40.2621,36.9539,47.5098
cameroon,2041.0000,42.1703,37.9199,50.2620
cameroon,2042.0000,41.8164,37.1558,49.8784
cameroon,2043.0000,41.0843,37.2908,48.3509
cameroon,2044.0000,41.1857,37.5527,49.4919
cameroon,2045.0000,41.3195,38.2452,49.4748
cameroon,2046.0000,41.4827,37.5918,48.9033
cameroon,2047.0000,42.2487,38.1381,49.9609
cameroon,2048.0000,43.0452,38.6252,49.2559
cameroon,2049.0000,42.9205,37.9406,50.5625
cameroon,2050.0000,43.0588,39.0347,49.7590
cameroon,2051.0000,42.8735,38.1412,49.3045
cameroon,2052.0000,41.7821,37.9174,49.5365
cameroon,2053.0000,43.0393,38.0637,51.4790
cameroon,2054.0000,43.4297,39.0802,50.6773
cameroon,2055.0000,43.3026,39.6350,50.3837
cameroon,2056.0000,42.4253,39.4596,50.3108
cameroon,2057.0000,43.7804,39.1041,52.5900
cameroon,2058.0000,44.7693,39.5028,51.9544
cameroon,2059.0000,43.4939,39.6113,53.1184
cameroon,2060.0000,44.1965,39.6681,53.6874
cameroon,2061.0000,44.0571,40.1537,50.2668
cameroon,2062.0000,43.7058,40.3882,52.0395
cameroon,2063.0000,43.3016,40.2665,52.1848
cameroon,2064.0000,43.4014,41.8813,52.6846
cameroon,2065.0000,44.0821,41.2653,53.3188
cameroon,2066.0000,45.4193,41.9957,52.4265
cameroon,2067.0000,44.6654,40.1117,54.1021
cameroon,2068.0000,44.6922,41.5238,53.5533
cameroon,2069.0000,44.9682,41.9307,53.7605
cameroon,2070.0000,45.2103,42.2701,54.4483
cameroon,2071.0000,45.9832,41.9070,55.1529
cameroon,2072.0000,47.8095,42.3999,53.7325
cameroon,2073.0000,46.7484,42.0397,54.6870
cameroon,2074.0000,46.2618,41.0474,55.9361
cameroon,2075.0000,47.4794,42.8466,55.7214
cameroon,2076.0000,47.8996,43.0411,56.1275
cameroon,2077.0000,45.6894,42.4000,55.9974
cameroon,2078.0000,46.6946,42.8605,55.8128
cameroon,2079.0000,46.0577,42.4922,56.4405
cameroon,2080.0000,47.2589,43.9044,56.0086
cameroon,2081.0000,48.1729,43.5707,56.6631
cameroon,2082.0000,46.2215,42.3134,55.9954
cameroon,2083.0000,47.9116,43.5639,55.8827
cameroon,2084.0000,48.4405,42.9134,56.5742
cameroon,2085.0000,48.2306,43.4755,56.7451
cameroon,2086.0000,48.0684,42.9720,57.4786
cameroon,2087.0000,49.1710,44.2943,56.3148
cameroon,2088.0000,48.6514,42.9785,56.5025
cameroon,2089.0000,49.0611,43.7004,57.5039
cameroon,2090.0000,48.9001,43.6796,56.6597
cameroon,2091.0000,49.0159,43.4896,57.6916
cameroon,2092.0000,48.9738,43.1801,57.7031
cameroon,2093.0000,49.6104,43.1391,56.9648
cameroon,2094.0000,49.5171,44.3552,56.7897
cameroon,2095.0000,49.2725,43.8897,57.2656
cameroon,2096.0000,49.0843,44.4586,56.7798
cameroon,2097.0000,49.9894,43.4237,57.4344
cameroon,2098.0000,49.6379,44.5629,56.8762
cameroon,2099.0000,49.4844,44.0222,57.9086
cameroon,2100.0000,48.8959,44.0075,56.8151
cote divoire,2000.0000,36.0291,31.7230,41.5626
cote divoire,2001.0000,36.4629,30.7121,39.8383
cote divoire,2002.0000,36.0289,30.5253,41.0777
cote divoire,2003.0000,35.4379,29.5369,42.4956
cote divoire,2004.0000,34.5495,29.2708,40.3957
cote divoire,2005.0000,35.0037,30.6472,40.0170
cote divoire,2006.0000,34.1277,29.1982,38.6594
cote divoire,2007.0000,34.2529,29.2488,40.4535
cote divoire,2008.0000,33.5967,29.2454,40.7560
cote divoire,2009.0000,34.3201,30.3117,41.4860
cote divoire,2010.0000,33.9018,29.3427,39.8866
cote divoire,2011.0000,34.3220,30.2587,40.5825
cote divoire,2012.0000,35.2461,30.5390,40.4935
cote divoire,2013.0000,36.0065,30.2269,41.6759
cote divoire,2014.0000,35.5061,29.6990,41.0446
cote divoire,2015.0000,35.9157,31.7473,42.0907
cote divoire,2016.0000,35.4530,30.3296,40.7667
cote divoire,2017.0000,34.8613,30.4476,41.6170
cote divoire,2018.0000,35.4443,30.7815,42.1053
cote divoire,2019.0000,36.1491,30.2553,41.2591
cote divoire,2020.0000,34.9431,30.4123,40.8137
cote divoire,2021.0000,34.5321,30.4897,41.1020
cote divoire,2022.0000,34.9784,31.3818,41.4019
cote divoire,2023.0000,34.9748,30.4004,39.6623
cote divoire,2024.0000,34.2868,30.0075,40.8253
cote divoire,2025.0000,34.9342,30.4988,39.6350
cote divoire,2026.0000,34.5557,30.0687,40.5920
cote divoire,2027.0000,34.7675,29.9664,40.4620
cote divoire,2028.0000,34.4184,29.7654,40.0173
cote divoire,2029.0000,34.1566,29.5583,38.8798
cote divoire,2030.0000,33.7411,29.8038,39.1884
cote divoire,2031.0000,33.8022,29.2815,38.9291
cote divoire,2032.0000,33.7713,28.9567,39.6977
cote divoire,2033.0000,33.4073,28.4997,38.9910
cote divoire,2034.0000,33.5166,29.1917,38.2957
cote divoire,2035.0000,33.6975,28.4074,37.4632
cote divoire,2036.0000,33.1383,28.4490,37.6040
cote divoire,2037.0000,32.8701,28.1488,36.6127
cote divoire,2038.0000,32.8842,28.1942,36.6330
cote divoire,2039.0000,32.7953,27.9265,36.7982
cote divoire,2040.0000,32.8060,28.3096,36.5012
cote divoire,2041.0000,32.5168,27.7902,38.0344
cote divoire,2042.0000,32.1566,28.6515,36.6611
cote divoire,2043.0000,31.9288,27.9852,36.2000
cote divoire,2044.0000,31.8155,27.8599,35.5775
cote divoire,2045.0000,31.5528,27.4843,35.1284
cote divoire,2046.0000,31.8241,26.9822,36.3856
cote divoire,2047.0000,31.4563,26.7873,35.4382
cote divoire,2048.0000,31.5242,27.3820,35.4875
cote divoire,2049.0000,31.4457,27.3946,34.9668
cote divoire,2050.0000,31.8607,27.0711,35.4041
cote divoire,2051.0000,31.2745,27.4323,35.6015
cote divoire,2052.0000,31.5751,27.0980,34.7983
cote divoire,2053.0000,31.2233,27.2410,34.4554
cote divoire,2054.0000,30.8938,27.1149,35.3114
cote divoire,2055.0000,31.3564,27.0421,34.5924
cote divoire,2056.0000,30.8060,26.6911,34.9662
cote divoire,2057.0000,30.8810,26.5156,34.6359
cote divoire,2058.0000,30.7413,26.6504,35.0114
cote divoire,2059.0000,30.5849,26.9443,34.8092
cote divoire,2060.0000,30.9062,26.5820,34.5037
cote divoire,2061.0000,30.6526,26.9503,34.6973
cote divoire,2062.0000,30.7998,26.6597,34.2491
cote divoire,2063.0000,30.6787,26.8877,34.3350
cote divoire,2064.0000,30.3741,26.5731,35.3849
cote divoire,2065.0000,30.3149,26.5243,34.3635
cote divoire,2066.0000,30.1436,26.8647,34.5033
cote divoire,2067.0000,30.5687,26.5638,34.9628
cote divoire,2068.0000,30.4080,26.6661,34.6064
cote divoire,2069.0000,30.2988,26.7303,34.7435
cote divoire,2070.0000,30.4119,26.5598,35.2646
cote divoire,2071.0000,30.4993,26.3879,34.3714
cote divoire,2072.0000,30.1955,26.5506,34.9657
cote divoire,2073.0000,29.9898,26.8140,34.6040
cote divoire,2074.0000,30.0933,26.9825,34.4504
cote divoire,2075.0000,29.8913,26.8211,35.3582
cote divoire,2076.0000,30.0164,26.8687,34.9876
cote divoire,2077.0000,30.3383,26.6888,34.8939
cote divoire,2078.0000,30.1964,26.7322,34.7007
cote divoire,2079.0000,30.2560,26.8530,35.4084
cote divoire,2080.0000,30.1824,26.5199,35.7397
cote divoire,2081.0000,30.0477,27.2168,34.3197
cote divoire,2082.0000,30.0669,26.7237,34.6071
cote divoire,2083.0000,30.1442,27.1164,35.5382
cote divoire,2084.0000,30.2827,26.9963,34.8798
cote divoire,2085.0000,30.0568,27.1638,34.9879
cote divoire,2086.0000,29.5397,26.8529,34.8405
cote divoire,2087.0000,29.9369,26.7477,34.5222
cote divoire,2088.0000,30.0120,26.8096,34.8323
cote divoire,2089.0000,29.9996,26.9388,34.4374
cote divoire,2090.0000,29.8733,26.5112,34.8368
cote divoire,2091.0000,29.9622,26.6593,34.6237
cote divoire,2092.0000,29.9825,26.7809,34.9386
cote divoire,2093.0000,29.8263,26.8216,34.3519
cote divoire,2094.0000,30.0828,26.7254,34.1318
cote divoire,2095.0000,30.1888,26.7049,34.9002
cote divoire,2096.0000,29.8715,26.8642,34.4197
cote divoire,2097.0000,29.8907,26.8072,34.3223
cote divoire,2098.0000,29.9444,26.9685,34.1661
cote divoire,2099.0000,30.1731,26.8771,34.2126
cote divoire,2100.0000,29.9484,26.9246,34.5363
ethiopia,2000.0000,28.3657,24.0300,32.2306
ethiopia,2001.0000,27.1387,23.7612,30.7977
ethiopia,2002.0000,27.2370,24.0475,30.2079
ethiopia,2003.0000,27.2087,23.4228,31.8210
ethiopia,2004.0000,27.4361,21.8387,30.5012
ethiopia,2005.0000,27.3000,22.2121,29.8319
ethiopia,2006.0000,26.6357,23.6299,30.6833
ethiopia,2007.0000,26.7333,22.2807,29.5686
ethiopia,2008.0000,27.0763,22.8626,31.2105
ethiopia,2009.0000,26.3671,22.9522,30.6260
ethiopia,2010.0000,26.9256,22.0215,32.8228
ethiopia,2011.0000,27.4361,23.3299,30.1845
ethiopia,2012.0000,26.8462,23.1955,30.5514
ethiopia,2013.0000,27.2642,23.0235,31.6559
ethiopia,2014.0000,27.0706,23.5454,30.9931
ethiopia,2015.0000,26.9162,22.3588,31.4235
ethiopia,2016.0000,26.9276,22.4934,32.0020
ethiopia,2017.0000,27.3242,22.0240,31.8127
ethiopia,2018.0000,27.3059,23.5331,31.3693
ethiopia,2019.0000,27.5200,23.5369,32.3604
ethiopia,2020.0000,27.7026,23.4159,32.3282
ethiopia,2021.0000,27.0252,23.2638,31.5901
ethiopia,2022.0000,27.5076,24.1685,31.2249
ethiopia,2023.0000,27.6052,23.8696,30.7580
ethiopia,2024.0000,27.7792,24.6528,32.4228
ethiopia,2025.0000,27.7752,23.9743,31.5520
ethiopia,2026.0000,27.8525,24.2977,30.2592
ethiopia,2027.0000,27.8582,24.4364,31.2021
ethiopia,2028.0000,27.6183,24.4782,31.0670
ethiopia,2029.0000,27.4086,24.1301,31.2016
ethiopia,2030.0000,27.2372,24.1731,32.7602
ethiopia,2031.0000,27.5462,23.7236,30.4951
ethiopia,2032.0000,27.2684,24.4088,31.2617
ethiopia,2033.0000,27.9556,24.8290,31.5096
ethiopia,2034.0000,27.6973,24.4606,31.3006
ethiopia,2035.0000,27.3218,24.8441,30.6859
ethiopia,2036.0000,27.6182,23.8586,31.0357
ethiopia,2037.0000,27.4599,24.8017,32.2966
ethiopia,2038.0000,27.6055,24.4104,31.0669
ethiopia,2039.0000,27.4231,24.5748,31.0011
ethiopia,2040.0000,27.5229,24.6710,31.3066
ethiopia,2041.0000,27.3207,24.9467,30.7832
ethiopia,2042.0000,27.9739,24.6160,30.9380
ethiopia,2043.0000,27.3916,24.2097,30.1361
ethiopia,2044.0000,27.8596,24.6052,30.2918
ethiopia,2045.0000,27.6836,24.3445,31.3792
ethiopia,2046.0000,28.3112,24.5872,31.7253
ethiopia,2047.0000,28.4956,25.2763,30.9758
ethiopia,2048.0000,28.2239,25.2113,31.4329
ethiopia,2049.0000,28.0076,25.1442,31.5497
ethiopia,2050.0000,28.4868,25.0305,31.4887
ethiopia,2051.0000,28.6692,25.7348,31.2288
ethiopia,2052.0000,28.2139,25.4921,32.1506
ethiopia,2053.0000,28.9677,25.2443,32.1416
ethiopia,2054.0000,28.5680,26.1047,32.5163
ethiopia,2055.0000,28.5396,25.6804,32.2100
ethiopia,2056.0000,29.0487,26.0315,32.5556
ethiopia,2057.0000,28.9246,26.3630,32.3313
ethiopia,2058.0000,29.7127,26.2055,32.4140
ethiopia,2059.0000,29.3865,26.0621,32.7341
ethiopia,2060.0000,29.2034,27.1275,32.5114
ethiopia,2061.0000,29.5732,26.2726,32.5444
ethiopia,2062.0000,29.6829,26.4632,32.3769
ethiopia,2063.0000,29.5373,26.4734,32.8540
ethiopia,2064.0000,29.9154,26.6931,32.7424
ethiopia,2065.0000,29.3906,26.6125,33.1036
ethiopia,2066.0000,29.8949,26.4190,33.2345
ethiopia,2067.0000,29.9650,26.8012,33.3986
ethiopia,2068.0000,29.7962,27.6269,33.5717
ethiopia,2069.0000,30.0457,27.2349,33.5632
ethiopia,2070.0000,30.1545,27.2891,33.4397
ethiopia,2071.0000,30.2605,27.6874,32.6721
ethiopia,2072.0000,30.2706,27.7314,34.0791
ethiopia,2073.0000,29.9031,27.5078,33.0214
ethiopia,2074.0000,30.6014,27.6858,33.2995
ethiopia,2075.0000,30.2822,27.7962,33.8557
ethiopia,2076.0000,30.5103,27.4513,33.7443
ethiopia,2077.0000,30.4950,28.0041,33.7661
ethiopia,2078.0000,30.6494,27.9472,33.5643
ethiopia,2079.0000,30.5762,28.1468,33.3160
ethiopia,2080.0000,30.6028,28.1899,33.8278
ethiopia,2081.0000,30.7520,28.3186,33.7463
ethiopia,2082.0000,30.8189,27.5491,34.5266
ethiopia,2083.0000,30.8248,28.4057,33.5970
ethiopia,2084.0000,30.8321,28.3807,34.1462
ethiopia,2085.0000,31.1147,28.2612,33.9828
ethiopia,2086.0000,30.6222,28.7392,33.7337
ethiopia,2087.0000,31.0753,28.4722,33.8237
ethiopia,2088.0000,30.8894,29.0668,34.7955
ethiopia,2089.0000,31.3815,28.5728,34.3629
ethiopia,2090.0000,31.2783,28.6364,34.7703
ethiopia,2091.0000,31.3498,29.2202,34.4366
ethiopia,2092.0000,31.6778,28.7001,34.5573
ethiopia,2093.0000,31.6183,28.4708,34.5017
ethiopia,2094.0000,31.2407,28.7985,34.7814
ethiopia,2095.0000,31.4204,28.4005,34.5456
ethiopia,2096.0000,31.4878,28.7009,34.5474
ethiopia,2097.0000,31.3451,28.3902,34.8714
ethiopia,2098.0000,31.8902,28.7528,34.8522
ethiopia,2099.0000,31.7746,28.8610,35.2475
ethiopia,2100.0000,31.9376,28.8310,35.4091
gambia,2000.0000,30.1021,26.3429,34.2358
gambia,2001.0000,30.7300,25.3421,34.0124
gambia,2002.0000,30.1900,25.9871,34.3766
gambia,2003.0000,30.2335,26.9655,33.7241
gambia,2004.0000,30.7585,27.0471,34.6023
gambia,2005.0000,30.8474,27.2300,34.0815
gambia,2006.0000,31.1525,27.3968,34.0741
gambia,2007.0000,31.0487,26.6157,34.9857
gambia,2008.0000,30.1933,26.7363,34.9448
gambia,2009.0000,29.7718,26.1459,34.4669
gambia,2010.0000,31.2493,27.1172,32.9234
gambia,2011.0000,30.4799,26.8371,33.9253
gambia,2012.0000,30.1660,26.9770,33.9175
gambia,2013.0000,29.9619,26.3821,34.4945
gambia,2014.0000,29.8203,26.4307,33.7211
gambia,2015.0000,29.4788,25.6682,33.0706
gambia,2016.0000,29.3579,26.0239,32.4766
gambia,2017.0000,29.4433,25.4143,33.8851
gambia,2018.0000,29.0239,25.7084,31.6245
gambia,2019.0000,28.8890,25.3868,31.7943
gambia,2020.0000,28.2997,25.4557,30.5996
gambia,2021.0000,28.4827,25.3252,31.7975
gambia,2022.0000,28.7228,24.8949,31.3133
gambia,2023.0000,28.5484,25.0514,30.9939
gambia,2024.0000,27.9199,25.3248,30.1996
gambia,2025.0000,28.1656,24.4831,30.5607
gambia,2026.0000,27.8207,24.9595,30.5437
gambia,2027.0000,28.2806,24.5062,30.5039
gambia,2028.0000,27.9733,25.0171,30.5226
gambia,2029.0000,27.5662,24.5527,29.5280
gambia,2030.0000,27.4612,24.5129,30.1395
gambia,2031.0000,27.2910,24.0087,30.1960
gambia,2032.0000,27.0869,23.8041,30.0935
gambia,2033.0000,27.1147,23.7480,30.1475
gambia,2034.0000,27.0586,24.0963,29.9932
gambia,2035.0000,26.6203,23.4442,29.6028
gambia,2036.0000,26.6271,23.8516,29.4937
gambia,2037.0000,26.7303,23.3801,29.0261
gambia,2038.0000,26.3666,23.5834,29.2523
gambia,2039.0000,26.1155,23.9000,28.8434
gambia,2040.0000,26.6097,24.0089,29.0463
gambia,2041.0000,26.2738,23.0299,28.8086
gambia,2042.0000,26.3169,22.5545,29.5939
gambia,2043.0000,25.9842,22.6461,28.6266
gambia,2044.0000,26.2344,23.0419,28.4150
gambia,2045.0000,25.6473,22.6433,28.4921
gambia,2046.0000,25.3816,22.6534,27.9046
gambia,2047.0000,25.8410,23.1188,28.2864
gambia,2048.0000,25.6705,22.5368,28.3982
gambia,2049.0000,25.6749,21.7513,27.8397
gambia,2050.0000,25.7715,22.4578,27.6283
gambia,2051.0000,25.0502,22.2339,27.6018
gambia,2052.0000,25.2850,22.1343,27.8365
gambia,2053.0000,25.1405,22.3381,27.7543
gambia,2054.0000,25.2621,22.2436,27.6683
gambia,2055.0000,24.9773,21.5800,27.0324
gambia,2056.0000,24.7592,21.6516,26.9752
gambia,2057.0000,25.1934,22.1245,27.3435
gambia,2058.0000,24.7941,22.3217,27.7344
gambia,2059.0000,24.7686,22.1984,27.5572
gambia,2060.0000,24.6499,22.0164,27.3123
gambia,2061.0000,24.5013,21.8034,27.1457
gambia,2062.0000,24.6272,22.0093,27.0571
gambia,2063.0000,24.2147,21.5604,26.8368
gambia,2064.0000,24.3293,21.9657,26.8665
gambia,2065.0000,24.2937,21.6329,26.1905
gambia,2066.0000,24.2031,21.6165,26.8541
gambia,2067.0000,24.0141,21.2162,26.5884
gambia,2068.0000,23.9518,21.6578,26.8593
gambia,2069.0000,23.9020,21.6443,26.3297
gambia,2070.0000,24.0926,21.2215,26.4653
gambia,2071.0000,23.4326,21.1222,26.5628
gambia,2072.0000,24.0354,21.4358,26.2486
gambia,2073.0000,24.0023,21.6920,26.1889
gambia,2074.0000,23.7429,21.2312,26.0495
gambia,2075.0000,23.4694,21.2687,25.9423
gambia,2076.0000,23.5765,21.3592,25.8710
gambia,2077.0000,23.5596,21.1556,26.2427
gambia,2078.0000,23.3673,21.0133,26.3921
gambia,2079.0000,23.4158,21.0641,25.9045
gambia,2080.0000,23.5031,21.2223,25.6603
gambia,2081.0000,23.1945,20.9922,25.9294
gambia,2082.0000,23.3948,21.1688,25.3191
gambia,2083.0000,23.3802,21.1285,25.5585
gambia,2084.0000,23.5377,21.3473,25.6268
gambia,2085.0000,23.2859,20.6068,24.6412
gambia,2086.0000,23.4944,21.1731,25.4996
gambia,2087.0000,22.8540,20.7670,25.1219
gambia,2088.0000,23.2651,21.2612,25.6261
gambia,2089.0000,23.0247,20.8841,25.2013
gambia,2090.0000,23.2104,20.9050,25.1053
gambia,2091.0000,23.2076,20.3253,25.3000
gambia,2092.0000,23.0492,20.5117,24.7993
gambia,2093.0000,22.9924,20.3291,25.0819
gambia,2094.0000,22.8618,20.3547,25.3532
gambia,2095.0000,22.8455,20.1899,24.5316
gambia,2096.0000,22.9737,20.3365,24.7277
gambia,2097.0000,22.7235,20.9955,25.0836
gambia,2098.0000,22.6075,20.4477,25.0607
gambia,2099.0000,22.5715,20.5869,25.0783
gambia,2100.0000,22.5610,20.2506,25.1814
laos,2000.0000,16.1158,13.7338,19.4257
laos,2001.0000,15.9628,13.3704,19.0069
laos,2002.0000,15.5556,12.9782,19.2756
laos,2003.0000,15.1103,13.0763,18.5811
laos,2004.0000,15.4110,12.9450,18.5857
laos,2005.0000,14.1959,12.9259,17.6050
laos,2006.0000,14.4739,12.0695,17.6840
laos,2007.0000,15.2858,12.4319,18.0114
laos,2008.0000,14.8759,12.3076,16.8365
laos,2009.0000,14.4986,12.4388,16.2756
laos,2010.0000,14.4184,11.8549,15.8708
laos,2011.0000,13.7216,11.6658,16.2168
laos,2012.0000,13.6423,10.7450,16.3913
laos,2013.0000,13.2515,10.8584,15.1543
laos,2014.0000,13.0959,11.1064,15.7647
laos,2015.0000,12.6196,10.9578,15.6757
laos,2016.0000,12.9842,10.5774,14.4099
laos,2017.0000,12.6144,10.6263,15.2288
laos,2018.0000,12.0224,10.3839,14.7397
laos,2019.0000,12.4137,9.7632,14.8543
laos,2020.0000,11.7539,10.5001,12.8089
laos,2021.0000,11.9951,10.0562,13.3544
laos,2022.0000,11.5584,10.1196,14.6111
laos,2023.0000,11.8888,9.1139,13.5150
laos,2024.0000,11.8397,9.6013,13.8316
laos,2025.0000,11.1392,9.2913,13.4349
laos,2026.0000,11.3666,9.2281,13.6499
laos,2027.0000,11.3181,9.4331,12.9374
laos,2028.0000,11.4527,9.5830,13.4746
laos,2029.0000,10.9728,8.8031,13.6609
laos,2030.0000,11.4343,8.7607,12.7937
laos,2031.0000,11.3404,8.9830,13.0567
laos,2032.0000,11.2416,9.1752,12.7693
laos,2033.0000,10.5776,8.7299,13.5565
laos,2034.0000,10.7217,8.6188,12.9424
laos,2035.0000,11.0758,8.2405,13.5808
laos,2036.0000,10.9073,8.4882,13.2046
laos,2037.0000,10.9345,8.1130,13.8209
laos,2038.0000,10.6235,8.1586,13.1130
laos,2039.0000,11.2702,8.1287,13.0451
laos,2040.0000,10.4767,7.8295,12.9112
laos,2041.0000,10.6673,8.2568,12.9053
laos,2042.0000,11.0376,8.1745,12.6053
laos,2043.0000,10.5462,7.7205,12.4366
laos,2044.0000,9.9299,7.8513,12.3180
laos,2045.0000,10.6029,7.7740,12.2109
laos,2046.0000,9.9966,7.7768,12.8178
laos,2047.0000,9.7145,7.6671,12.3363
laos,2048.0000,10.6382,7.5628,12.5563
laos,2049.0000,10.1666,7.4199,13.1727
laos,2050.0000,10.0446,7.2037,12.9443
laos,2051.0000,10.2238,7.2016,12.4922
laos,2052.0000,10.4857,7.0788,12.7465
laos,2053.0000,10.0984,6.8017,12.2563
laos,2054.0000,9.4431,6.8474,12.2839
laos,2055.0000,10.1947,6.8237,12.1350
laos,2056.0000,9.3715,6.9224,12.1354
laos,2057.0000,9.1036,6.8843,12.1873
laos,2058.0000,9.9139,6.9015,11.8425
laos,2059.0000,9.6449,6.6607,12.1576
laos,2060.0000,9.2461,6.5877,11.8642
laos,2061.0000,9.3328,6.2076,11.0380
laos,2062.0000,9.0233,6.6294,11.8722
laos,2063.0000,8.9084,6.1860,11.6512
laos,2064.0000,9.0475,6.4746,11.3312
laos,2065.0000,9.0290,6.2731,11.9354
laos,2066.0000,8.9571,5.9966,11.4562
laos,2067.0000,9.1081,6.0715,11.7786
laos,2068.0000,8.3167,5.7584,10.7755
laos,2069.0000,8.6788,5.8772,11.1838
laos,2070.0000,8.4650,5.6520,10.8569
laos,2071.0000,8.8000,5.6406,10.9190
laos,2072.0000,9.0496,5.3091,11.1698
laos,2073.0000,8.4314,5.8612,10.4855
laos,2074.0000,8.2035,5.3284,11.1432
laos,2075.0000,8.1055,5.4245,10.5643
laos,2076.0000,7.9387,5.2418,10.2329
laos,2077.0000,7.9086,5.1617,9.7261
laos,2078.0000,8.3122,5.1528,10.9068
laos,2079.0000,7.4660,4.8397,9.8569
laos,2080.0000,7.7301,4.5095,9.8554
laos,2081.0000,7.8452,4.8973,9.8617
laos,2082.0000,7.7478,4.7180,9.8841
laos,2083.0000,7.4659,4.8199,9.7385
laos,2084.0000,7.5143,4.4725,9.4994
laos,2085.0000,7.2077,4.5545,9.9406
laos,2086.0000,6.9902,4.2806,10.4456
laos,2087.0000,7.0963,4.2296,8.9955
laos,2088.0000,6.8487,4.1078,8.8528
laos,2089.0000,6.7609,4.0449,9.2674
laos,2090.0000,6.6314,3.8141,8.6416
laos,2091.0000,6.4522,3.6488,9.0782
laos,2092.0000,6.2162,3.7577,8.6624
laos,2093.0000,6.4260,3.6543,9.2523
laos,2094.0000,5.8214,3.6599,8.7139
laos,2095.0000,5.9981,3.2404,8.2649
laos,2096.0000,5.9672,3.4133,9.1780
laos,2097.0000,5.9976,3.3538,8.5377
laos,2098.0000,5.4156,3.1880,8.5732
laos,2099.0000,5.3188,3.0964,7.8560
laos,2100.0000,5.4271,2.9048,8.2026
mali,2000.0000,29.2763,23.4254,35.3959
mali,2001.0000,29.3250,25.4564,35.0643
mali,2002.0000,30.0853,25.5223,35.1529
mali,2003.0000,28.5532,25.5970,33.7205
mali,2004.0000,27.5428,21.7491,34.7714
mali,2005.0000,27.1121,24.9337,33.9490
mali,2006.0000,28.7441,26.2476,33.5493
mali,2007.0000,29.0718,25.4036,34.2804
mali,2008.0000,27.7344,24.4184,33.0868
mali,2009.0000,29.5972,24.8297,31.8034
mali,2010.0000,27.1379,24.4862,32.5863
mali,2011.0000,27.6053,24.0100,31.5672
mali,2012.0000,25.6176,22.5510,32.4803
mali,2013.0000,29.3252,22.8883,31.3932
mali,2014.0000,27.3297,23.5077,30.8847
mali,2015.0000,28.2782,22.5533,30.9108
mali,2016.0000,26.6322,24.2898,29.9176
mali,2017.0000,27.4503,24.4352,31.6255
mali,2018.0000,26.4544,22.9638,31.6431
mali,2019.0000,27.5551,22.9494,30.9898
mali,2020.0000,26.3343,24.4282,30.8433
mali,2021.0000,24.1620,22.9780,28.5145
mali,2022.0000,25.0799,22.5173,29.5648
mali,2023.0000,25.9182,22.6325,30.1646
mali,2024.0000,25.4418,22.4556,28.6662
mali,2025.0000,26.6180,21.9414,29.9240
mali,2026.0000,26.2022,21.9414,29.3498
mali,2027.0000,25.5929,20.3093,27.8972
mali,2028.0000,23.8438,21.8702,28.5423
mali,2029.0000,23.1264,21.2688,27.4877
mali,2030.0000,25.4893,21.4585,27.2451
mali,2031.0000,25.3416,21.0208,26.9184
mali,2032.0000,24.7096,19.2919,27.3081
mali,2033.0000,23.8902,20.9674,26.5074
mali,2034.0000,23.6205,21.2103,26.9371
mali,2035.0000,24.4696,21.0114,27.2034
mali,2036.0000,23.9861,21.3645,26.6236
mali,2037.0000,24.6084,19.6541,26.5132
mali,2038.0000,23.9707,20.3258,26.0065
mali,2039.0000,23.9008,19.9979,25.9398
mali,2040.0000,22.4589,19.6693,25.9844
mali,2041.0000,22.7312,19.1088,26.4038
mali,2042.0000,23.5581,19.8438,25.9387
mali,2043.0000,24.1365,20.2287,26.0651
mali,2044.0000,22.8660,20.2667,25.8895
mali,2045.0000,23.2832,20.4866,26.1307
mali,2046.0000,24.1247,19.6333,26.3298
mali,2047.0000,23.3833,20.7244,26.2287
mali,2048.0000,23.5005,19.2979,25.6553
mali,2049.0000,23.7085,19.7346,25.9950
mali,2050.0000,23.6095,18.3917,26.2517
mali,2051.0000,23.7551,19.3872,26.2623
mali,2052.0000,23.4617,20.9686,26.1072
mali,2053.0000,23.8980,20.3801,27.1179
mali,2054.0000,24.0647,18.9092,26.5211
mali,2055.0000,23.1174,19.8267,26.7172
mali,2056.0000,24.6743,19.5851,26.6817
mali,2057.0000,24.4273,20.8340,26.6194
mali,2058.0000,22.6250,19.1685,26.3504
mali,2059.0000,24.5624,20.2287,25.8514
mali,2060.0000,24.3228,19.5165,26.5518
mali,2061.0000,23.6533,20.3619,26.9080
mali,2062.0000,24.5260,19.8526,26.3165
mali,2063.0000,23.9008,20.3136,26.8800
mali,2064.0000,24.1374,20.1617,26.7514
mali,2065.0000,24.7273,20.9081,26.8632
mali,2066.0000,24.2254,20.8704,26.9670
mali,2067.0000,24.8268,20.5225,26.7258
mali,2068.0000,23.3753,21.0261,27.3956
mali,2069.0000,23.7449,20.7564,27.1117
mali,2070.0000,23.1745,20.8192,26.6802
mali,2071.0000,23.5619,20.6615,26.8589
mali,2072.0000,24.1854,20.1995,27.0176
mali,2073.0000,23.5105,21.0174,27.3503
mali,2074.0000,22.9260,21.4882,26.9643
mali,2075.0000,23.6318,21.3035,27.2949
mali,2076.0000,23.2694,21.4071,27.3347
mali,2077.0000,23.2477,21.6657,27.7964
mali,2078.0000,23.5914,22.0434,27.4526
mali,2079.0000,23.4091,21.2134,27.6351
mali,2080.0000,23.0585,20.9776,27.1923
mali,2081.0000,23.5846,22.1851,27.1336
mali,2082.0000,22.9922,22.3639,26.7590
mali,2083.0000,23.2527,20.6054,27.7049
mali,2084.0000,23.7593,20.9323,27.1706
mali,2085.0000,23.3397,22.0238,27.5393
mali,2086.0000,23.4056,21.4646,27.5725
mali,2087.0000,23.2898,21.9770,26.8561
mali,2088.0000,23.7377,20.9616,27.1584
mali,2089.0000,23.5650,22.4034,27.6145
mali,2090.0000,23.4445,22.0052,27.3855
mali,2091.0000,24.0289,21.7783,27.1276
mali,2092.0000,23.8482,20.2733,27.0131
mali,2093.0000,24.0955,21.8335,27.8703
mali,2094.0000,23.4132,21.9873,27.1635
mali,2095.0000,23.4387,21.8302,27.1146
mali,2096.0000,24.4512,21.5803,27.2484
mali,2097.0000,24.0325,22.5525,26.5761
mali,2098.0000,23.8677,21.3205,27.0298
mali,2099.0000,24.2184,22.0212,26.8331
mali,2100.0000,24.3286,21.7486,27.2962
mozambique,2000.0000,48.9190,41.8047,56.8889
mozambique,2001.0000,49.9859,40.7218,59.8426
mozambique,2002.0000,49.9778,41.1309,60.6911
mozambique,2003.0000,49.4496,41.8673,60.8389
mozambique,2004.0000,50.2415,42.8427,61.4081
mozambique,2005.0000,51.2429,43.1737,61.3811
mozambique,2006.0000,51.8979,43.6940,61.4191
mozambique,2007.0000,51.7921,44.2763,61.5999
mozambique,2008.0000,51.4439,44.0335,60.8760
mozambique,2009.0000,53.8865,45.5253,62.9159
mozambique,2010.0000,53.3911,45.6054,63.0037
mozambique,2011.0000,54.0348,44.9310,65.7371
mozambique,2012.0000,53.8356,45.2647,65.3052
mozambique,2013.0000,54.4456,46.3986,62.7504
mozambique,2014.0000,54.4518,46.0355,61.7480
mozambique,2015.0000,52.9355,45.5396,62.5054
mozambique,2016.0000,54.3904,47.5405,63.5105
mozambique,2017.0000,54.4225,46.4072,63.9095
mozambique,2018.0000,53.9932,46.8313,61.4272
mozambique,2019.0000,54.2215,47.1385,61.7925
mozambique,2020.0000,54.2760,47.8540,60.7649
mozambique,2021.0000,54.2621,47.3983,61.5597
mozambique,2022.0000,54.1597,47.3507,61.9811
mozambique,2023.0000,53.7896,47.4396,59.8146
mozambique,2024.0000,53.8771,46.1969,59.3740
mozambique,2025.0000,53.5500,46.2807,59.7121
mozambique,2026.0000,52.8408,46.3273,58.3090
mozambique,2027.0000,53.4639,47.6760,59.1697
mozambique,2028.0000,53.3624,47.1071,58.9680
mozambique,2029.0000,53.5237,47.7704,59.2283
mozambique,2030.0000,52.5450,47.4932,58.0978
mozambique,2031.0000,52.6859,46.8402,57.6330
mozambique,2032.0000,52.7745,48.2427,57.2577
mozambique,2033.0000,52.8334,47.1246,57.9608
mozambique,2034.0000,52.3815,47.1806,58.5789
mozambique,2035.0000,52.9165,48.2399,57.6627
mozambique,2036.0000,52.0218,47.6010,58.4021
mozambique,2037.0000,51.5293,47.6122,57.9595
mozambique,2038.0000,52.3692,47.9450,56.8655
mozambique,2039.0000,52.4037,47.4924,55.8645
mozambique,2040.0000,51.9444,47.1535,57.5594
mozambique,2041.0000,51.3881,46.2543,55.7185
mozambique,2042.0000,51.7175,45.9996,57.3033
mozambique,2043.0000,50.9042,47.8652,56.3624
mozambique,2044.0000,50.4116,46.7483,55.9834
mozambique,2045.0000,50.5122,45.2829,56.5056
mozambique,2046.0000,50.8417,46.7065,56.8526
mozambique,2047.0000,51.7917,47.0085,56.2100
mozambique,2048.0000,50.7533,45.6822,55.2666
mozambique,2049.0000,50.6967,45.6657,55.2743
mozambique,2050.0000,50.7812,46.6768,56.6955
mozambique,2051.0000,50.3984,45.5634,55.5109
mozambique,2052.0000,50.6527,45.6746,55.7836
mozambique,2053.0000,49.8350,45.7082,55.8128
mozambique,2054.0000,49.6337,45.6509,55.0088
mozambique,2055.0000,49.6045,46.0734,54.8884
mozambique,2056.0000,49.9595,45.5099,56.0811
mozambique,2057.0000,48.9975,45.3803,56.4133
mozambique,2058.0000,49.5468,45.1690,55.8543
mozambique,2059.0000,49.2466,44.6449,54.4257
mozambique,2060.0000,49.3850,44.6732,55.4476
mozambique,2061.0000,48.7501,44.4429,55.2471
mozambique,2062.0000,49.5248,44.8997,55.5808
mozambique,2063.0000,48.4802,44.2513,53.8337
mozambique,2064.0000,48.6563,44.4183,55.1702
mozambique,2065.0000,48.9760,43.7493,55.2313
mozambique,2066.0000,48.7540,43.7255,55.6122
mozambique,2067.0000,48.3095,43.3668,54.3091
mozambique,2068.0000,48.1448,43.5574,54.6163
mozambique,2069.0000,48.2677,42.1889,54.3426
mozambique,2070.0000,47.9971,43.3673,53.7122
mozambique,2071.0000,48.2278,42.9041,53.6910
mozambique,2072.0000,47.7834,43.7485,52.9851
mozambique,2073.0000,47.1981,42.8273,52.5987
mozambique,2074.0000,48.0427,42.9084,53.6892
mozambique,2075.0000,47.7119,42.7513,53.2076
mozambique,2076.0000,47.3047,42.7618,52.3368
mozambique,2077.0000,46.9143,42.1930,52.6534
mozambique,2078.0000,46.7361,42.5629,51.5959
mozambique,2079.0000,47.1878,42.5741,51.9520
mozambique,2080.0000,47.1443,41.2172,52.4259
mozambique,2081.0000,46.5222,42.7534,51.9738
mozambique,2082.0000,47.0023,42.4947,52.5310
mozambique,2083.0000,46.5258,41.5617,52.1817
mozambique,2084.0000,46.2746,41.4499,51.9655
mozambique,2085.0000,46.1820,41.4587,51.4635
mozambique,2086.0000,46.2350,41.8500,51.7351
mozambique,2087.0000,45.9856,41.7336,52.0205
mozambique,2088.0000,45.7446,40.9922,50.9773
mozambique,2089.0000,45.6498,41.6381,50.2505
mozambique,2090.0000,45.4913,40.9158,50.8746
mozambique,2091.0000,45.4080,41.0911,50.1476
mozambique,2092.0000,44.9366,40.8196,50.7401
mozambique,2093.0000,45.4875,40.6766,50.2832
mozambique,2094.0000,45.2516,40.2854,51.1172
mozambique,2095.0000,44.9025,39.6754,50.5550
mozambique,2096.0000,44.7984,40.1668,50.1452
mozambique,2097.0000,44.1904,40.3051,50.0526
mozambique,2098.0000,44.0561,39.8146,49.5752
mozambique,2099.0000,44.1426,39.6131,50.1739
mozambique,2100.0000,44.2447,40.0552,49.1257
myanmar,2000.0000,23.6844,21.6474,25.1639
myanmar,2001.0000,24.1366,20.0927,28.9766
myanmar,2002.0000,23.7163,20.9542,24.9290
myanmar,2003.0000,24.0294,20.1807,26.6241
myanmar,2004.0000,23.4141,20.1733,25.2080
myanmar,2005.0000,23.3278,21.2159,26.4404
myanmar,2006.0000,23.8620,21.6048,26.5371
myanmar,2007.0000,24.6952,21.3662,26.4747
myanmar,2008.0000,23.1168,20.3163,24.7484
myanmar,2009.0000,22.8749,21.3228,26.2273
myanmar,2010.0000,22.9816,20.5806,25.5985
myanmar,2011.0000,23.9312,22.7486,27.2675
myanmar,2012.0000,23.7407,22.1769,25.9822
myanmar,2013.0000,23.2205,20.4841,25.7974
myanmar,2014.0000,23.3861,20.6184,25.7322
myanmar,2015.0000,23.8078,20.6409,25.4572
myanmar,2016.0000,23.8846,20.7684,26.0455
myanmar,2017.0000,24.6091,20.7508,26.1018
myanmar,2018.0000,23.7251,21.0574,25.7665
myanmar,2019.0000,24.0325,20.5874,25.8176
myanmar,2020.0000,23.8530,21.2307,27.0692
myanmar,2021.0000,23.1039,21.1628,27.1164
myanmar,2022.0000,23.9479,21.1378,26.3235
myanmar,2023.0000,23.2353,21.8522,28.1203
myanmar,2024.0000,22.0177,20.2991,26.4465
myanmar,2025.0000,23.8546,22.2231,26.0840
myanmar,2026.0000,22.9807,21.1465,28.4035
myanmar,2027.0000,23.1737,20.6216,27.3337
myanmar,2028.0000,22.0660,20.3866,26.5975
myanmar,2029.0000,23.4200,21.9087,26.2926
myanmar,2030.0000,22.2356,20.3643,26.3051
myanmar,2031.0000,22.9722,21.7541,27.0843
myanmar,2032.0000,22.9563,21.2816,26.0660
myanmar,2033.0000,22.6891,20.5838,25.9217
myanmar,2034.0000,22.4546,20.6882,24.5227
myanmar,2035.0000,21.3675,20.4128,26.4370
myanmar,2036.0000,21.4350,20.9790,25.9330
myanmar,2037.0000,21.4932,20.1069,25.8440
myanmar,2038.0000,21.0803,19.6630,26.5877
myanmar,2039.0000,20.8564,20.5237,25.8398
myanmar,2040.0000,21.4373,20.2052,26.0969
myanmar,2041.0000,21.0440,20.2251,24.8993
myanmar,2042.0000,20.7890,19.0194,26.2281
myanmar,2043.0000,21.8853,18.0906,26.6773
myanmar,2044.0000,21.1510,19.6710,26.4701
myanmar,2045.0000,21.4077,17.3248,25.6016
myanmar,2046.0000,20.1720,17.9534,24.2261
myanmar,2047.0000,19.6741,18.9976,25.2030
myanmar,2048.0000,21.0219,18.5941,24.7530
myanmar,2049.0000,20.9516,16.2441,24.5326
myanmar,2050.0000,20.9024,17.7532,26.3475
myanmar,2051.0000,20.8788,17.9090,24.6816
myanmar,2052.0000,20.0893,17.4808,25.6526
myanmar,2053.0000,19.9638,17.8549,24.9825
myanmar,2054.0000,19.6659,17.0544,24.1489
myanmar,2055.0000,19.4356,15.4781,24.3873
myanmar,2056.0000,20.0326,15.9094,24.4151
myanmar,2057.0000,20.4596,15.4942,23.8378
myanmar,2058.0000,20.6061,16.1474,22.9679
myanmar,2059.0000,19.6321,15.4072,22.5159
myanmar,2060.0000,21.0118,13.6411,24.5271
myanmar,2061.0000,19.2603,13.9169,22.4299
myanmar,2062.0000,19.2379,14.5544,22.9443
myanmar,2063.0000,19.7720,13.9207,23.0667
myanmar,2064.0000,17.7357,13.7831,21.7599
myanmar,2065.0000,19.1201,14.0529,21.5530
myanmar,2066.0000,18.3542,13.0282,21.8114
myanmar,2067.0000,19.4095,12.4012,21.2748
myanmar,2068.0000,19.1253,15.2915,20.8835
myanmar,2069.0000,18.6780,12.1768,20.4820
myanmar,2070.0000,18.6196,12.4679,20.2897
myanmar,2071.0000,17.8258,11.6890,20.6580
myanmar,2072.0000,18.3911,12.5222,21.4611
myanmar,2073.0000,18.2382,12.1824,20.7670
myanmar,2074.0000,17.7400,11.3466,20.7986
myanmar,2075.0000,17.2879,11.6807,20.2484
myanmar,2076.0000,16.1503,12.8415,19.5503
myanmar,2077.0000,16.4397,12.4267,20.4539
myanmar,2078.0000,16.5120,11.6324,20.0715
myanmar,2079.0000,15.2889,12.1337,20.8219
myanmar,2080.0000,16.4087,11.1902,20.2858
myanmar,2081.0000,16.4285,11.6382,18.9816
myanmar,2082.0000,15.8757,11.4475,18.9579
myanmar,2083.0000,16.1794,10.7646,18.4623
myanmar,2084.0000,15.5698,10.4180,18.9877
myanmar,2085.0000,15.3897,10.4507,19.3549
myanmar,2086.0000,15.2894,9.2196,18.2628
myanmar,2087.0000,15.2794,11.3928,17.9437
myanmar,2088.0000,15.3756,9.6811,18.1783
myanmar,2089.0000,14.4396,9.9028,18.4292
myanmar,2090.0000,14.7620,10.1200,19.3970
myanmar,2091.0000,14.8937,9.8642,18.2098
myanmar,2092.0000,14.3098,9.2764,18.8078
myanmar,2093.0000,15.6107,8.5145,18.9852
myanmar,2094.0000,14.1678,10.1961,17.4834
myanmar,2095.0000,14.3787,10.2933,17.7762
myanmar,2096.0000,13.8260,9.9077,17.5313
myanmar,2097.0000,14.7487,8.0437,17.0497
myanmar,2098.0000,14.3008,8.7899,17.4437
myanmar,2099.0000,14.1983,8.9134,17.2561
myanmar,2100.0000,14.4408,9.2567,16.8843
nepal,2000.0000,14.7734,12.5097,17.7188
nepal,2001.0000,13.5966,12.5538,17.1069
nepal,2002.0000,13.6393,11.6488,16.1300
nepal,2003.0000,12.8467,11.1514,16.5127
nepal,2004.0000,13.6970,11.3029,16.5629
nepal,2005.0000,13.1994,10.3214,15.9357
nepal,2006.0000,12.2919,10.7409,14.8650
nepal,2007.0000,12.9154,10.1359,15.1512
nepal,2008.0000,12.5368,9.3482,15.4988
nepal,2009.0000,12.1335,8.6313,14.9181
nepal,2010.0000,11.9844,9.1146,14.6303
nepal,2011.0000,11.5753,9.2037,14.7931
nepal,2012.0000,11.2762,9.7527,14.0236
nepal,2013.0000,11.9492,8.9295,15.1955
nepal,2014.0000,12.0660,8.6535,15.2532
nepal,2015.0000,11.5461,8.3439,15.3819
nepal,2016.0000,11.3170,8.8902,14.6140
nepal,2017.0000,11.8236,8.8632,15.4824
nepal,2018.0000,11.7731,9.8993,15.4794
nepal,2019.0000,12.7441,8.9720,15.3740
nepal,2020.0000,12.9357,10.8785,15.5624
nepal,2021.0000,12.8134,9.0356,16.4840
nepal,2022.0000,13.1534,11.0787,17.1888
nepal,2023.0000,14.3896,9.8722,17.4173
nepal,2024.0000,14.7367,13.1254,18.7628
nepal,2025.0000,15.6501,12.8977,20.2090
nepal,2026.0000,16.5910,13.9534,19.7953
nepal,2027.0000,18.6528,15.0471,22.6464
nepal,2028.0000,19.4946,16.0030,22.7126
nepal,2029.0000,20.3182,17.8408,25.0578
nepal,2030.0000,21.9402,17.4712,26.0808
nepal,2031.0000,24.0452,18.4360,28.5571
nepal,2032.0000,25.3724,20.8659,27.8691
nepal,2033.0000,26.6831,21.7864,31.5538
nepal,2034.0000,27.8772,21.5498,34.2794
nepal,2035.0000,28.4510,23.0416,31.6756
nepal,2036.0000,29.4418,23.9665,34.4055
nepal,2037.0000,32.0992,24.9055,34.6086
nepal,2038.0000,33.5529,25.7225,35.0658
nepal,2039.0000,34.0862,27.8681,37.7587
nepal,2040.0000,35.1623,28.0444,38.8560
nepal,2041.0000,35.6734,29.5792,41.6053
nepal,2042.0000,35.4876,29.9051,38.6847
nepal,2043.0000,36.4207,29.7290,38.7732
nepal,2044.0000,36.6291,29.7057,40.5361
nepal,2045.0000,36.4812,29.7264,38.2272
nepal,2046.0000,36.8785,29.9404,42.9163
nepal,2047.0000,36.6224,30.2401,40.4623
nepal,2048.0000,36.0835,29.9277,39.5200
nepal,2049.0000,35.8496,30.1644,38.9319
nepal,2050.0000,35.2530,29.8310,38.4448
nepal,2051.0000,34.7610,29.5477,38.4612
nepal,2052.0000,34.3914,29.5489,37.4021
nepal,2053.0000,33.1953,29.3149,36.8148
nepal,2054.0000,32.8022,28.1988,37.9652
nepal,2055.0000,33.2699,27.4601,35.2568
nepal,2056.0000,32.1724,27.9066,34.9939
nepal,2057.0000,30.8691,27.1081,34.1926
nepal,2058.0000,30.3932,26.5572,33.7936
nepal,2059.0000,30.6455,25.3976,32.5623
nepal,2060.0000,29.1891,25.5389,32.9469
nepal,2061.0000,27.5435,25.7264,31.0747
nepal,2062.0000,27.9819,24.3020,30.6238
nepal,2063.0000,27.4275,23.8766,30.5573
nepal,2064.0000,27.1968,22.9148,29.3400
nepal,2065.0000,26.1215,22.7296,29.2701
nepal,2066.0000,25.9763,23.3209,27.8111
nepal,2067.0000,26.1471,21.9794,27.8418
nepal,2068.0000,25.5743,21.7388,28.1129
nepal,2069.0000,24.4093,21.0228,26.7489
nepal,2070.0000,25.0086,21.2156,26.3744
nepal,2071.0000,23.9138,21.1257,27.2862
nepal,2072.0000,23.4526,20.4650,25.5441
nepal,2073.0000,23.8716,19.8425,25.0909
nepal,2074.0000,23.3480,19.5407,24.9175
nepal,2075.0000,22.4785,19.5656,24.2576
nepal,2076.0000,22.9607,19.3255,24.8540
nepal,2077.0000,22.2017,18.9758,25.1852
nepal,2078.0000,21.6129,18.6675,23.3317
nepal,2079.0000,21.2829,18.2841,23.2407
nepal,2080.0000,21.4196,17.7486,23.0940
nepal,2081.0000,20.6804,17.1098,24.3375
nepal,2082.0000,20.2780,17.7925,22.1403
nepal,2083.0000,20.1535,17.6707,22.3896
nepal,2084.0000,19.9235,17.0646,23.1980
nepal,2085.0000,19.7155,16.8686,22.7233
nepal,2086.0000,19.6954,16.0214,21.8797
nepal,2087.0000,19.2163,16.4457,21.3377
nepal,2088.0000,19.2247,15.8633,21.5610
nepal,2089.0000,18.4158,15.3985,22.1017
nepal,2090.0000,18.5422,15.4508,22.1491
nepal,2091.0000,18.1822,15.1238,21.4388
nepal,2092.0000,18.1656,15.2897,20.6549
nepal,2093.0000,18.2409,15.1023,19.7281
nepal,2094.0000,18.1921,14.8963,20.7616
nepal,2095.0000,17.1370,14.4528,19.4168
nepal,2096.0000,16.8063,15.0401,19.7634
nepal,2097.0000,17.2565,14.4320,19.7823
nepal,2098.0000,16.8699,14.3006,20.9859
nepal,2099.0000,17.5317,13.9138,19.6463
nepal,2100.0000,15.8595,13.6779,19.3023
nigeria,2000.0000,16.2118,13.8313,19.3089
nigeria,2001.0000,15.8219,13.5605,17.8699
nigeria,2002.0000,16.0020,13.8021,19.8817
nigeria,2003.0000,16.2094,13.2119,18.8033
nigeria,2004.0000,15.8751,13.2588,19.0011
nigeria,2005.0000,16.4701,13.8502,19.5420
nigeria,2006.0000,16.3824,14.1973,18.5881
nigeria,2007.0000,16.5881,13.9257,19.0470
nigeria,2008.0000,16.5183,14.4959,19.1368
nigeria,2009.0000,16.1678,14.2850,19.2300
nigeria,2010.0000,16.0379,14.4149,18.3650
nigeria,2011.0000,16.5530,14.1786,18.8848
nigeria,2012.0000,16.4681,13.7404,18.7264
nigeria,2013.0000,17.4529,14.5413,19.2075
nigeria,2014.0000,17.0694,15.1339,19.4769
nigeria,2015.0000,16.7496,14.6307,19.2240
nigeria,2016.0000,17.2352,15.0830,19.5663
nigeria,2017.0000,17.1619,15.1609,19.4669
nigeria,2018.0000,17.2056,14.8804,19.7697
nigeria,2019.0000,17.1135,14.7818,19.6643
nigeria,2020.0000,17.5184,16.2772,19.2247
nigeria,2021.0000,17.1685,15.0162,20.1427
nigeria,2022.0000,17.7044,14.8895,19.6378
nigeria,2023.0000,18.0108,15.2716,20.5340
nigeria,2024.0000,17.8181,15.1663,20.4393
nigeria,2025.0000,17.5189,15.0970,19.8597
nigeria,2026.0000,18.1560,15.1578,20.4702
nigeria,2027.0000,17.8308,15.5059,19.7013
nigeria,2028.0000,17.6746,15.7804,19.6109
nigeria,2029.0000,18.1042,15.7942,20.5160
nigeria,2030.0000,17.6803,15.7521,20.3209
nigeria,2031.0000,17.6731,15.7593,20.5190
nigeria,2032.0000,17.5557,15.9059,20.3247
nigeria,2033.0000,17.9802,15.9746,20.2661
nigeria,2034.0000,17.7746,15.4092,20.5027
nigeria,2035.0000,17.8179,15.8998,20.7059
nigeria,2036.0000,18.2177,16.1599,20.2154
nigeria,2037.0000,17.8128,15.2634,20.0277
nigeria,2038.0000,17.9817,16.1065,20.5680
nigeria,2039.0000,18.0075,15.9066,20.3292
nigeria,2040.0000,17.7940,15.5461,20.8983
nigeria,2041.0000,17.6946,15.8136,20.0053
nigeria,2042.0000,17.9751,15.7081,20.3220
nigeria,2043.0000,18.0740,15.7717,20.7682
nigeria,2044.0000,17.9406,15.9371,20.8832
nigeria,2045.0000,17.6530,15.7936,19.8401
nigeria,2046.0000,17.7132,15.7010,20.1895
nigeria,2047.0000,18.2338,15.5232,20.6000
nigeria,2048.0000,17.6544,15.3076,20.4944
nigeria,2049.0000,17.3702,15.5285,20.3419
nigeria,2050.0000,17.7290,15.7270,20.2204
nigeria,2051.0000,17.6455,15.1387,19.8173
nigeria,2052.0000,17.7074,15.4533,19.7250
nigeria,2053.0000,17.5665,15.8676,19.7836
nigeria,2054.0000,17.5087,15.4549,20.4114
nigeria,2055.0000,17.5829,15.1564,20.4719
nigeria,2056.0000,17.9014,15.5796,20.3337
nigeria,2057.0000,17.6581,15.7277,20.0889
nigeria,2058.0000,17.2786,15.5237,19.9334
nigeria,2059.0000,17.4628,15.4640,20.3221
nigeria,2060.0000,17.5054,15.4546,19.8728
nigeria,2061.0000,17.3643,15.7955,19.8291
nigeria,2062.0000,17.6349,15.1107,20.4964
nigeria,2063.0000,17.7437,14.9849,20.5558
nigeria,2064.0000,17.3889,15.4864,19.9756
nigeria,2065.0000,17.1403,15.4822,20.1661
nigeria,2066.0000,17.6510,14.8396,19.7222
nigeria,2067.0000,17.3673,15.0973,19.9034
nigeria,2068.0000,17.1562,15.5315,19.7337
nigeria,2069.0000,17.5144,15.3403,20.2444
nigeria,2070.0000,17.3876,15.2172,19.3379
nigeria,2071.0000,17.5641,15.3849,19.8864
nigeria,2072.0000,17.4337,15.5717,19.5032
nigeria,2073.0000,17.3167,15.2063,19.8700
nigeria,2074.0000,17.4739,15.6853,19.8331
nigeria,2075.0000,17.2781,14.8759,19.7501
nigeria,2076.0000,17.2552,15.5811,19.4473
nigeria,2077.0000,17.5778,15.5457,19.8523
nigeria,2078.0000,17.4824,15.5837,19.6560
nigeria,2079.0000,17.3308,15.4292,19.6796
nigeria,2080.0000,17.1577,15.5347,19.9035
nigeria,2081.0000,17.1897,14.9198,20.0305
nigeria,2082.0000,17.1616,15.2302,19.3170
nigeria,2083.0000,17.4132,15.3712,19.6232
nigeria,2084.0000,17.0497,15.0612,19.2426
nigeria,2085.0000,17.2549,15.4202,19.6575
nigeria,2086.0000,17.3290,14.7368,19.6606
nigeria,2087.0000,17.2477,15.4218,19.6786
nigeria,2088.0000,17.2987,15.3453,19.6417
nigeria,2089.0000,17.3709,15.2203,19.5788
nigeria,2090.0000,17.3021,15.2952,19.7159
nigeria,2091.0000,17.0601,15.3571,19.2096
nigeria,2092.0000,16.9670,15.2820,19.3403
nigeria,2093.0000,16.8094,15.3031,19.0640
nigeria,2094.0000,17.0592,14.9151,19.4802
nigeria,2095.0000,17.0000,15.1753,19.3722
nigeria,2096.0000,16.8276,15.3530,19.1904
nigeria,2097.0000,16.8495,15.0527,19.5327
nigeria,2098.0000,16.8711,15.0837,19.3665
nigeria,2099.0000,16.9632,15.3900,19.4543
nigeria,2100.0000,16.7361,14.6003,18.9194
sierra leone,2000.0000,27.3851,23.5381,32.2383
sierra leone,2001.0000,27.7328,22.6026,32.7318
sierra leone,2002.0000,25.2922,21.8221,30.7857
sierra leone,2003.0000,23.8143,20.3367,29.8146
sierra leone,2004.0000,24.5484,20.3927,29.5866
sierra leone,2005.0000,23.8450,19.2985,28.8593
sierra leone,2006.0000,22.5323,19.0903,27.9913
sierra leone,2007.0000,22.9139,19.3598,29.7870
sierra leone,2008.0000,23.3256,19.4048,28.1678
sierra leone,2009.0000,22.6181,18.8086,27.8323
sierra leone,2010.0000,22.5575,18.7003,26.9558
sierra leone,2011.0000,23.0102,18.1968,26.9338
sierra leone,2012.0000,22.2328,17.8564,29.0081
sierra leone,2013.0000,22.3856,18.1279,27.6017
sierra leone,2014.0000,22.1008,18.5380,28.2865
sierra leone,2015.0000,21.2936,17.5544,27.1994
sierra leone,2016.0000,21.0030,17.0774,25.7196
sierra leone,2017.0000,21.3050,16.6047,25.8803
sierra leone,2018.0000,21.4300,17.3326,26.3458
sierra leone,2019.0000,20.9996,17.8089,26.1615
sierra leone,2020.0000,20.7414,17.5265,26.1048
sierra leone,2021.0000,20.2741,16.9193,25.9580
sierra leone,2022.0000,21.2734,16.8814,26.3964
sierra leone,2023.0000,20.1617,17.2329,25.8141
sierra leone,2024.0000,20.5341,17.6482,23.9780
sierra leone,2025.0000,19.9600,17.0507,25.1615
sierra leone,2026.0000,20.5342,16.2026,24.8468
sierra leone,2027.0000,20.0665,17.5450,24.7515
sierra leone,2028.0000,20.2613,17.4900,24.3517
sierra leone,2029.0000,20.2810,17.0727,24.2388
sierra leone,2030.0000,20.4890,17.5471,24.3339
sierra leone,2031.0000,20.2127,16.8279,24.5256
sierra leone,2032.0000,20.4991,17.1464,25.1993
sierra leone,2033.0000,20.6471,16.6289,24.8475
sierra leone,2034.0000,20.4745,17.4226,25.1839
sierra leone,2035.0000,20.2167,17.3426,25.9330
sierra leone,2036.0000,20.1623,16.8017,24.2145
sierra leone,2037.0000,20.5410,17.2890,24.4932
sierra leone,2038.0000,20.2210,17.1635,24.0477
sierra leone,2039.0000,20.5062,17.0872,24.2006
sierra leone,2040.0000,20.4430,17.4132,25.6287
sierra leone,2041.0000,20.5725,16.7476,25.8495
sierra leone,2042.0000,20.6212,17.2355,25.1148
sierra leone,2043.0000,20.9595,17.0616,25.0334
sierra leone,2044.0000,20.5352,17.2407,25.7233
sierra leone,2045.0000,20.4858,17.1607,24.7292
sierra leone,2046.0000,20.6134,17.3046,24.5613
sierra leone,2047.0000,20.8459,17.5496,25.4123
sierra leone,2048.0000,20.7819,17.6789,25.4111
sierra leone,2049.0000,21.1804,17.6943,26.1996
sierra leone,2050.0000,21.6443,17.5623,24.8618
sierra leone,2051.0000,20.7803,17.7797,25.2465
sierra leone,2052.0000,21.3584,17.5469,25.5652
sierra leone,2053.0000,21.2647,17.9067,25.8547
sierra leone,2054.0000,21.4321,16.8805,25.6075
sierra leone,2055.0000,21.3920,17.9815,26.5492
sierra leone,2056.0000,21.9588,17.4153,26.7255
sierra leone,2057.0000,21.7626,18.0827,25.8271
sierra leone,2058.0000,22.0084,18.0386,26.5503
sierra leone,2059.0000,22.5364,18.6272,27.2718
sierra leone,2060.0000,22.5681,17.9334,25.6938
sierra leone,2061.0000,22.6281,18.5005,26.6027
sierra leone,2062.0000,22.8184,18.5981,27.5310
sierra leone,2063.0000,22.9232,18.4646,26.9807
sierra leone,2064.0000,23.0364,19.1505,26.1329
sierra leone,2065.0000,22.9224,18.9077,27.5995
sierra leone,2066.0000,22.7657,18.7000,27.0764
sierra leone,2067.0000,23.1892,19.2269,27.0151
sierra leone,2068.0000,23.2576,19.0941,26.5831
sierra leone,2069.0000,22.8273,18.6356,27.1276
sierra leone,2070.0000,23.2676,18.8772,27.3057
sierra leone,2071.0000,23.2621,19.2122,28.0718
sierra leone,2072.0000,23.0753,19.1587,27.5934
sierra leone,2073.0000,23.9250,19.6991,27.6711
sierra leone,2074.0000,23.6890,19.6629,27.1792
sierra leone,2075.0000,23.4813,19.0140,27.5078
sierra leone,2076.0000,23.7923,19.5870,27.9104
sierra leone,2077.0000,23.6693,20.2246,28.1378
sierra leone,2078.0000,24.3734,20.5181,28.3247
sierra leone,2079.0000,23.9547,20.2444,27.3900
sierra leone,2080.0000,24.4022,20.1962,27.6908
sierra leone,2081.0000,24.7122,19.4796,28.0515
sierra leone,2082.0000,23.6297,19.1717,28.0599
sierra leone,2083.0000,23.9004,19.3942,28.3529
sierra leone,2084.0000,23.8204,20.1131,27.6823
sierra leone,2085.0000,24.2825,20.0052,28.2315
sierra leone,2086.0000,24.3488,19.2636,28.4134
sierra leone,2087.0000,24.2617,20.0944,28.6795
sierra leone,2088.0000,24.0362,20.4257,27.8714
sierra leone,2089.0000,24.2804,19.8080,28.0474
sierra leone,2090.0000,24.4984,20.0784,28.0012
sierra leone,2091.0000,24.4031,20.7534,28.0179
sierra leone,2092.0000,24.8033,19.7603,27.7686
sierra leone,2093.0000,23.8106,19.8932,28.2614
sierra leone,2094.0000,24.4705,20.1198,27.6028
sierra leone,2095.0000,24.4636,19.6286,28.1609
sierra leone,2096.0000,24.0243,20.4873,28.3649
sierra leone,2097.0000,24.3232,19.7341,28.4721
sierra leone,2098.0000,24.5203,19.3478,28.2782
sierra leone,2099.0000,24.3824,19.7653,27.9463
sierra leone,2100.0000,24.4502,19.0654,28.0477
tanzania,2000.0000,68.1681,59.9474,78.5782
tanzania,2001.0000,69.8055,59.2433,77.1957
tanzania,2002.0000,68.9001,61.9765,77.1131
tanzania,2003.0000,69.7188,59.5213,78.7728
tanzania,2004.0000,70.9523,60.4842,76.4379
tanzania,2005.0000,69.0847,61.5191,80.6087
tanzania,2006.0000,70.2911,62.0030,78.2757
tanzania,2007.0000,70.3275,59.3278,76.9898
tanzania,2008.0000,71.6175,62.3275,83.6061
tanzania,2009.0000,72.8415,62.3916,81.8308
tanzania,2010.0000,70.7260,63.0049,80.7714
tanzania,2011.0000,70.7696,63.6223,83.6214
tanzania,2012.0000,73.5095,63.9159,81.9560
tanzania,2013.0000,72.3896,64.8451,82.6696
tanzania,2014.0000,73.1248,62.7018,84.6361
tanzania,2015.0000,73.4693,66.9062,81.9650
tanzania,2016.0000,73.8778,65.5842,82.5519
tanzania,2017.0000,73.3021,65.7101,82.8324
tanzania,2018.0000,73.4636,64.9482,81.0373
tanzania,2019.0000,74.9808,65.3631,81.7929
tanzania,2020.0000,73.7021,65.9393,81.2781
tanzania,2021.0000,74.1991,64.9296,82.1576
tanzania,2022.0000,73.1387,64.0647,81.4287
tanzania,2023.0000,74.2530,66.0965,82.1180
tanzania,2024.0000,72.7257,65.7185,80.8266
tanzania,2025.0000,74.6009,66.4837,82.3886
tanzania,2026.0000,73.6639,66.7111,83.1322
tanzania,2027.0000,74.5212,64.8295,82.6727
tanzania,2028.0000,74.7914,66.8234,82.8956
tanzania,2029.0000,75.0309,65.8188,83.7422
tanzania,2030.0000,76.2339,67.4592,82.3647
tanzania,2031.0000,74.1335,66.7279,83.7786
tanzania,2032.0000,75.2287,67.0403,82.9943
tanzania,2033.0000,75.0859,67.6331,82.8114
tanzania,2034.0000,74.6587,68.0508,83.8338
tanzania,2035.0000,75.8939,67.9551,85.5259
tanzania,2036.0000,77.3343,68.9319,83.8309
tanzania,2037.0000,75.4005,67.9866,84.1534
tanzania,2038.0000,77.2106,67.5962,83.6687
tanzania,2039.0000,76.3633,68.2373,83.5233
tanzania,2040.0000,76.9320,68.6381,84.4560
tanzania,2041.0000,77.8493,67.9912,83.7600
tanzania,2042.0000,77.0597,69.5709,85.9013
tanzania,2043.0000,76.0990,68.7617,84.3501
tanzania,2044.0000,76.6747,69.4069,85.3875
tanzania,2045.0000,75.1980,69.2930,85.6336
tanzania,2046.0000,75.7058,69.2840,85.7378
tanzania,2047.0000,75.2646,67.2147,84.9761
tanzania,2048.0000,75.1148,66.9226,84.3089
tanzania,2049.0000,76.1856,67.8209,85.5542
tanzania,2050.0000,75.5494,67.9547,85.3821
tanzania,2051.0000,74.6019,68.3369,85.6673
tanzania,2052.0000,75.3989,68.7440,84.4178
tanzania,2053.0000,74.8927,67.1083,83.9394
tanzania,2054.0000,74.5040,67.9096,83.3480
tanzania,2055.0000,76.3841,68.0428,85.2706
tanzania,2056.0000,75.7473,68.7786,84.2655
tanzania,2057.0000,74.7619,68.0183,83.2572
tanzania,2058.0000,75.8890,69.5244,83.7442
tanzania,2059.0000,75.3843,69.9689,83.4644
tanzania,2060.0000,75.1704,67.2575,84.4029
tanzania,2061.0000,76.2616,69.8152,84.6116
tanzania,2062.0000,76.2110,69.9011,83.5744
tanzania,2063.0000,76.3547,70.2462,84.6109
tanzania,2064.0000,75.6635,68.2659,83.9140
tanzania,2065.0000,77.3177,69.3008,84.4351
tanzania,2066.0000,76.9241,69.3075,85.3155
tanzania,2067.0000,77.4551,70.9239,85.1402
tanzania,2068.0000,77.3400,70.4546,84.9037
tanzania,2069.0000,77.0621,69.3637,84.8631
tanzania,2070.0000,77.9837,70.0438,85.8083
tanzania,2071.0000,77.0638,69.9024,85.5242
tanzania,2072.0000,78.2086,70.8099,85.6346
tanzania,2073.0000,78.0133,70.7118,85.4585
tanzania,2074.0000,78.0775,71.3303,87.1631
tanzania,2075.0000,78.3606,70.5480,86.5596
tanzania,2076.0000,77.3464,71.7708,86.0598
tanzania,2077.0000,78.0704,71.3934,87.2639
tanzania,2078.0000,78.9502,71.1441,85.6223
tanzania,2079.0000,79.0433,70.5834,85.7034
tanzania,2080.0000,77.9524,71.1703,86.6701
tanzania,2081.0000,79.9557,72.0946,86.3477
tanzania,2082.0000,79.3915,70.4370,86.8989
tanzania,2083.0000,78.3915,71.7892,88.1287
tanzania,2084.0000,78.1517,71.2543,86.4124
tanzania,2085.0000,79.8074,71.0267,86.0089
tanzania,2086.0000,79.0690,70.1350,86.6299
tanzania,2087.0000,78.8286,70.9649,86.8117
tanzania,2088.0000,79.4962,71.8068,87.7005
tanzania,2089.0000,78.7545,70.5347,87.3033
tanzania,2090.0000,79.8409,69.6500,86.4845
tanzania,2091.0000,79.3756,71.3063,86.3478
tanzania,2092.0000,79.4279,70.6855,87.8862
tanzania,2093.0000,80.3450,70.4425,87.1689
tanzania,2094.0000,79.8290,71.1969,86.9377
tanzania,2095.0000,80.6918,71.3106,87.1827
tanzania,2096.0000,79.7474,71.4103,87.7327
tanzania,2097.0000,79.8373,70.9821,86.7954
tanzania,2098.0000,79.7277,70.3900,87.7947
tanzania,2099.0000,79.9507,71.5142,88.8884
tanzania,2100.0000,79.7514,71.0244,88.3888
togo,2000.0000,25.7390,18.9959,31.7266
togo,2001.0000,24.3220,19.6147,30.8759
togo,2002.0000,23.6430,17.0287,30.1470
togo,2003.0000,23.7298,19.5337,29.5592
togo,2004.0000,23.2419,16.6150,28.3319
togo,2005.0000,22.5328,16.9254,29.3556
togo,2006.0000,22.8342,17.1486,28.1767
togo,2007.0000,22.2884,17.1448,28.5476
togo,2008.0000,21.9209,16.3820,27.5494
togo,2009.0000,20.9375,17.1742,29.2761
togo,2010.0000,20.6542,16.3100,26.2191
togo,2011.0000,21.8960,15.7820,24.8952
togo,2012.0000,21.2933,16.1538,26.9947
togo,2013.0000,20.7042,16.4492,27.1669
togo,2014.0000,20.2848,16.1565,25.4643
togo,2015.0000,20.7678,15.9121,25.6419
togo,2016.0000,21.3558,15.3061,25.0522
togo,2017.0000,19.9227,15.6335,24.7323
togo,2018.0000,19.4977,16.0914,23.6808
togo,2019.0000,20.3748,15.7030,24.9249
togo,2020.0000,20.2340,15.7941,24.9333
togo,2021.0000,19.9689,15.5853,26.1450
togo,2022.0000,19.3428,15.5361,24.9257
togo,2023.0000,19.2459,15.1711,24.3325
togo,2024.0000,18.9562,15.4102,23.7590
togo,2025.0000,19.8884,15.3489,24.0006
togo,2026.0000,19.9310,15.5201,23.7537
togo,2027.0000,18.6305,15.0566,25.3009
togo,2028.0000,18.9681,15.4842,23.4082
togo,2029.0000,18.6470,14.9041,24.2354
togo,2030.0000,18.4511,15.4864,24.3600
togo,2031.0000,17.7281,15.0557,24.2568
togo,2032.0000,18.8695,14.7976,23.4329
togo,2033.0000,18.4289,14.2756,24.4377
togo,2034.0000,17.2740,14.3140,24.0630
togo,2035.0000,17.2964,14.5366,23.7850
togo,2036.0000,17.2005,14.8350,24.0001
togo,2037.0000,17.9066,14.7734,22.9201
togo,2038.0000,17.8400,14.5310,23.4245
togo,2039.0000,17.2979,14.7985,23.8204
togo,2040.0000,17.2270,14.6073,23.7879
togo,2041.0000,17.3157,14.3736,23.7983
togo,2042.0000,17.6339,14.2871,23.8731
togo,2043.0000,18.0352,13.8359,23.2780
togo,2044.0000,17.4100,14.6092,22.4421
togo,2045.0000,17.1270,13.6905,22.9954
togo,2046.0000,17.0343,13.9472,23.0721
togo,2047.0000,16.8545,14.4884,24.1087
togo,2048.0000,16.5629,14.0163,23.8134
togo,2049.0000,17.1042,14.3825,22.3894
togo,2050.0000,16.9699,13.8574,22.6857
togo,2051.0000,16.6782,13.8762,22.2931
togo,2052.0000,16.5725,13.5860,22.7198
togo,2053.0000,16.6589,13.2486,22.4112
togo,2054.0000,16.6520,13.2275,22.8626
togo,2055.0000,16.6474,13.6689,23.1349
togo,2056.0000,16.5639,13.6753,23.2730
togo,2057.0000,16.8245,13.6280,23.1846
togo,2058.0000,16.7637,13.2848,23.1495
togo,2059.0000,15.9377,13.2804,22.4813
togo,2060.0000,16.3344,13.2442,22.6523
togo,2061.0000,16.2827,13.0910,22.0555
togo,2062.0000,17.0136,13.1361,23.0850
togo,2063.0000,16.4451,13.5681,22.7825
togo,2064.0000,16.3254,12.9532,21.8846
togo,2065.0000,16.2527,12.8919,22.3720
togo,2066.0000,16.6985,12.7327,22.4868
togo,2067.0000,16.3178,12.8050,22.5701
togo,2068.0000,16.5931,12.9378,22.0275
togo,2069.0000,16.9578,12.7407,21.8622
togo,2070.0000,16.6395,12.4768,23.0541
togo,2071.0000,17.2991,12.7181,21.9849
togo,2072.0000,16.7043,12.8686,22.0673
togo,2073.0000,16.4535,12.6264,21.4259
togo,2074.0000,17.0252,12.8983,21.2474
togo,2075.0000,16.6396,12.5899,21.7797
togo,2076.0000,16.9162,12.7882,21.3981
togo,2077.0000,16.9859,12.9543,21.5287
togo,2078.0000,16.6706,12.9468,22.1372
togo,2079.0000,16.8620,12.6627,22.3631
togo,2080.0000,16.7147,12.9412,21.9154
togo,2081.0000,16.7428,13.2065,21.5619
togo,2082.0000,16.5126,13.2210,21.5564
togo,2083.0000,17.0019,12.6707,21.4173
togo,2084.0000,16.7735,13.0561,21.5913
togo,2085.0000,16.9897,13.6339,21.7934
togo,2086.0000,16.7233,13.0185,22.0624
togo,2087.0000,16.4862,12.9378,21.0646
togo,2088.0000,16.9094,13.3889,21.2803
togo,2089.0000,16.7253,13.0721,21.9090
togo,2090.0000,17.0415,13.1290,21.0064
togo,2091.0000,16.7758,13.3135,22.0032
togo,2092.0000,16.7135,12.6873,21.8160
togo,2093.0000,16.9577,13.3707,22.0597
togo,2094.0000,17.3556,13.2158,22.0878
togo,2095.0000,16.9674,13.4085,22.3939
togo,2096.0000,16.7200,12.7834,22.0730
togo,2097.0000,16.6065,12.9917,22.2592
togo,2098.0000,16.7726,13.5188,21.7606
togo,2099.0000,17.1014,13.6123,22.1854
togo,2100.0000,16.5769,13.2514,21.8158
zambia,2000.0000,73.9586,63.4030,84.7669
zambia,2001.0000,71.7374,63.2174,84.9791
zambia,2002.0000,73.8051,62.0372,84.1492
zambia,2003.0000,72.0107,60.9578,82.8176
zambia,2004.0000,70.1509,63.7018,81.1472
zambia,2005.0000,69.4420,63.0168,83.1739
zambia,2006.0000,71.5880,62.6941,79.3790
zambia,2007.0000,72.5350,62.2462,78.4612
zambia,2008.0000,72.7705,63.2050,80.7319
zambia,2009.0000,68.0556,60.5418,80.5188
zambia,2010.0000,71.2788,62.0209,79.9045
zambia,2011.0000,68.8205,61.2624,82.2630
zambia,2012.0000,68.9529,62.1881,83.0086
zambia,2013.0000,72.2388,61.5860,83.5332
zambia,2014.0000,71.1736,62.4597,84.2717
zambia,2015.0000,71.5409,61.9202,81.1048
zambia,2016.0000,72.8118,64.5853,85.8702
zambia,2017.0000,72.3638,63.1489,82.1687
zambia,2018.0000,73.6708,65.4875,89.2976
zambia,2019.0000,72.7871,64.6142,89.0429
zambia,2020.0000,74.8342,63.6150,86.6058
zambia,2021.0000,75.4114,66.9560,85.0697
zambia,2022.0000,75.4166,66.4740,87.4615
zambia,2023.0000,71.4749,65.2626,87.4011
zambia,2024.0000,74.5018,65.1571,87.0944
zambia,2025.0000,73.6363,65.9200,88.7804
zambia,2026.0000,73.4171,64.1890,86.4363
zambia,2027.0000,72.7813,66.0114,93.2784
zambia,2028.0000,76.7081,64.5552,87.3156
zambia,2029.0000,75.4039,67.0429,85.4549
zambia,2030.0000,74.6393,66.6071,92.6414
zambia,2031.0000,73.0052,68.1029,91.4059
zambia,2032.0000,75.2285,65.8153,87.5310
zambia,2033.0000,74.7983,65.2419,89.4426
zambia,2034.0000,73.9004,67.8649,87.2596
zambia,2035.0000,74.5570,68.1538,90.0604
zambia,2036.0000,75.2467,68.0587,87.7376
zambia,2037.0000,75.8752,65.7622,84.4183
zambia,2038.0000,73.0030,69.4571,86.3243
zambia,2039.0000,75.0612,67.7647,87.4946
zambia,2040.0000,75.4552,70.3599,87.1942
zambia,2041.0000,75.5834,68.9213,86.9357
zambia,2042.0000,77.5548,68.4184,85.9275
zambia,2043.0000,75.6237,69.9698,84.7778
zambia,2044.0000,75.9620,69.0507,86.6162
zambia,2045.0000,77.7309,69.6347,85.7291
zambia,2046.0000,78.0367,68.9960,88.1525
zambia,2047.0000,77.8236,70.3953,84.1665
zambia,2048.0000,76.9121,69.3388,89.1584
zambia,2049.0000,76.4488,70.6384,85.0118
zambia,2050.0000,77.0063,68.3088,87.8433
zambia,2051.0000,75.6371,68.8751,85.3862
zambia,2052.0000,77.0039,69.0031,88.1217
zambia,2053.0000,76.7727,69.6648,86.5670
zambia,2054.0000,75.2517,69.3377,85.9892
zambia,2055.0000,73.3131,68.5139,85.2804
zambia,2056.0000,76.9097,68.2628,85.8543
zambia,2057.0000,75.0517,68.0919,87.7682
zambia,2058.0000,74.9472,67.8169,85.0384
zambia,2059.0000,73.3057,67.4357,85.9069
zambia,2060.0000,74.0891,67.6072,87.3753
zambia,2061.0000,74.4948,67.7905,85.2717
zambia,2062.0000,72.8953,66.9892,85.6069
zambia,2063.0000,74.0211,67.0732,84.9132
zambia,2064.0000,73.8911,67.1520,85.5766
zambia,2065.0000,75.8690,67.3092,85.8356
zambia,2066.0000,72.7939,66.2702,86.8680
zambia,2067.0000,73.1958,67.1580,85.6556
zambia,2068.0000,72.9485,67.3876,85.0053
zambia,2069.0000,72.3153,67.3921,85.3861
zambia,2070.0000,73.5887,67.5233,85.8641
zambia,2071.0000,73.5315,65.8962,84.1065
zambia,2072.0000,72.4940,66.1261,84.6985
zambia,2073.0000,70.7807,66.6291,83.2095
zambia,2074.0000,73.5280,66.3927,85.2359
zambia,2075.0000,72.4779,65.6199,83.2818
zambia,2076.0000,72.2452,66.4012,83.1624
zambia,2077.0000,72.6636,66.7053,82.3504
zambia,2078.0000,70.6800,66.0181,81.8379
zambia,2079.0000,71.1463,66.0959,80.4894
zambia,2080.0000,72.0794,65.2242,81.8477
zambia,2081.0000,70.8262,65.1091,80.2250
zambia,2082.0000,70.8975,64.0181,79.9888
zambia,2083.0000,70.5693,64.3376,80.9831
zambia,2084.0000,69.9646,64.8567,82.7737
zambia,2085.0000,70.0593,64.8554,81.4514
zambia,2086.0000,71.0220,64.6094,81.0535
zambia,2087.0000,70.3261,63.8209,78.4241
zambia,2088.0000,68.8878,63.8602,80.5913
zambia,2089.0000,70.1683,63.6053,79.2913
zambia,2090.0000,68.7642,63.2841,80.2673
zambia,2091.0000,67.9284,63.6319,80.0670
zambia,2092.0000,68.1588,62.6511,80.6281
zambia,2093.0000,69.0865,62.9228,80.7187
zambia,2094.0000,67.8765,62.0803,80.0331
zambia,2095.0000,67.5819,61.1525,78.9129
zambia,2096.0000,66.8179,62.8863,78.7420
zambia,2097.0000,67.6888,61.0288,78.4100
zambia,2098.0000,66.4351,61.3173,76.9940
zambia,2099.0000,66.5108,60.9383,77.7469
zambia,2100.0000,66.9248,60.8839,77.5515
