scenario,year,cum_med,cum_lb,cum_ub
No vaccination,2024.0000,0.0000,0.0000,0.0000
No vaccination,2025.0000,0.0000,0.0000,0.0000
No vaccination,2026.0000,0.0000,0.0000,0.0000
No vaccination,2027.0000,0.0000,0.0000,0.0000
No vaccination,2028.0000,0.0000,0.0000,0.0000
No vaccination,2029.0000,0.0000,0.0000,0.0000
No vaccination,2030.0000,0.0000,0.0000,0.0000
No vaccination,2031.0000,0.0000,0.0000,0.0000
No vaccination,2032.0000,0.0000,0.0000,0.0000
No vaccination,2033.0000,0.0000,0.0000,0.0000
No vaccination,2034.0000,0.0000,0.0000,0.0000
No vaccination,2035.0000,0.0000,0.0000,0.0000
No vaccination,2036.0000,0.0000,0.0000,0.0000
No vaccination,2037.0000,0.0000,0.0000,0.0000
No vaccination,2038.0000,0.0000,0.0000,0.0000
No vaccination,2039.0000,0.0000,0.0000,0.0000
No vaccination,2040.0000,0.0000,0.0000,0.0000
No vaccination,2041.0000,0.0000,0.0000,0.0000
No vaccination,2042.0000,0.0000,0.0000,0.0000
No vaccination,2043.0000,0.0000,0.0000,0.0000
No vaccination,2044.0000,0.0000,0.0000,0.0000
No vaccination,2045.0000,0.0000,0.0000,0.0000
No vaccination,2046.0000,0.0000,0.0000,0.0000
No vaccination,2047.0000,0.0000,0.0000,0.0000
No vaccination,2048.0000,0.0000,0.0000,0.0000
No vaccination,2049.0000,0.0000,0.0000,0.0000
No vaccination,2050.0000,0.0000,0.0000,0.0000
No vaccination,2051.0000,0.0000,0.0000,0.0000
No vaccination,2052.0000,0.0000,0.0000,0.0000
No vaccination,2053.0000,0.0000,0.0000,0.0000
No vaccination,2054.0000,0.0000,0.0000,0.0000
No vaccination,2055.0000,0.0000,0.0000,0.0000
No vaccination,2056.0000,0.0000,0.0000,0.0000
No vaccination,2057.0000,0.0000,0.0000,0.0000
No vaccination,2058.0000,0.0000,0.0000,0.0000
No vaccination,2059.0000,0.0000,0.0000,0.0000
No vaccination,2060.0000,0.0000,0.0000,0.0000
No vaccination,2061.0000,0.0000,0.0000,0.0000
No vaccination,2062.0000,0.0000,0.0000,0.0000
No vaccination,2063.0000,0.0000,0.0000,0.0000
No vaccination,2064.0000,0.0000,0.0000,0.0000
No vaccination,2065.0000,0.0000,0.0000,0.0000
No vaccination,2066.0000,0.0000,0.0000,0.0000
No vaccination,2067.0000,0.0000,0.0000,0.0000
No vaccination,2068.0000,0.0000,0.0000,0.0000
No vaccination,2069.0000,0.0000,0.0000,0.0000
No vaccination,2070.0000,0.0000,0.0000,0.0000
No vaccination,2071.0000,0.0000,0.0000,0.0000
No vaccination,2072.0000,0.0000,0.0000,0.0000
No vaccination,2073.0000,0.0000,0.0000,0.0000
No vaccination,2074.0000,0.0000,0.0000,0.0000
No vaccination,2075.0000,0.0000,0.0000,0.0000
No vaccination,2076.0000,0.0000,0.0000,0.0000
No vaccination,2077.0000,0.0000,0.0000,0.0000
No vaccination,2078.0000,0.0000,0.0000,0.0000
No vaccination,2079.0000,0.0000,0.0000,0.0000
No vaccination,2080.0000,0.0000,0.0000,0.0000
No vaccination,2081.0000,0.0000,0.0000,0.0000
No vaccination,2082.0000,0.0000,0.0000,0.0000
No vaccination,2083.0000,0.0000,0.0000,0.0000
No vaccination,2084.0000,0.0000,0.0000,0.0000
No vaccination,2085.0000,0.0000,0.0000,0.0000
No vaccination,2086.0000,0.0000,0.0000,0.0000
No vaccination,2087.0000,0.0000,0.0000,0.0000
No vaccination,2088.0000,0.0000,0.0000,0.0000
No vaccination,2089.0000,0.0000,0.0000,0.0000
No vaccination,2090.0000,0.0000,0.0000,0.0000
No vaccination,2091.0000,0.0000,0.0000,0.0000
No vaccination,2092.0000,0.0000,0.0000,0.0000
No vaccination,2093.0000,0.0000,0.0000,0.0000
No vaccination,2094.0000,0.0000,0.0000,0.0000
No vaccination,2095.0000,0.0000,0.0000,0.0000
No vaccination,2096.0000,0.0000,0.0000,0.0000
No vaccination,2097.0000,0.0000,0.0000,0.0000
No vaccination,2098.0000,0.0000,0.0000,0.0000
No vaccination,2099.0000,0.0000,0.0000,0.0000
No vaccination,2100.0000,0.0000,0.0000,0.0000
No vaccination,2101.0000,0.0000,0.0000,0.0000
No vaccination,2102.0000,0.0000,0.0000,0.0000
No vaccination,2103.0000,0.0000,0.0000,0.0000
No vaccination,2104.0000,0.0000,0.0000,0.0000
No vaccination,2105.0000,0.0000,0.0000,0.0000
No vaccination,2106.0000,0.0000,0.0000,0.0000
No vaccination,2107.0000,0.0000,0.0000,0.0000
No vaccination,2108.0000,0.0000,0.0000,0.0000
No vaccination,2109.0000,0.0000,0.0000,0.0000
No vaccination,2110.0000,0.0000,0.0000,0.0000
No vaccination,2111.0000,0.0000,0.0000,0.0000
No vaccination,2112.0000,0.0000,0.0000,0.0000
No vaccination,2113.0000,0.0000,0.0000,0.0000
No vaccination,2114.0000,0.0000,0.0000,0.0000
No vaccination,2115.0000,0.0000,0.0000,0.0000
No vaccination,2116.0000,0.0000,0.0000,0.0000
No vaccination,2117.0000,0.0000,0.0000,0.0000
No vaccination,2118.0000,0.0000,0.0000,0.0000
No vaccination,2119.0000,0.0000,0.0000,0.0000
No vaccination,2120.0000,0.0000,0.0000,0.0000
No vaccination,2121.0000,0.0000,0.0000,0.0000
No vaccination,2122.0000,0.0000,0.0000,0.0000
No vaccination,2123.0000,0.0000,0.0000,0.0000
No vaccination,2124.0000,0.0000,0.0000,0.0000
No vaccination,2125.0000,0.0000,0.0000,0.0000
Double dose,2024.0000,0.0000,0.0000,0.0000
Double dose,2025.0000,0.0000,0.0000,0.0000
Double dose,2026.0000,0.0000,0.0000,0.0000
Double dose,2027.0000,0.0000,0.0000,0.0000
Double dose,2028.0000,0.0000,0.0000,0.0000
Double dose,2029.0000,0.0000,0.0000,0.0000
Double dose,2030.0000,0.0000,0.0000,0.0000
Double dose,2031.0000,0.0000,0.0000,0.0000
Double dose,2032.0000,0.0000,0.0000,0.0000
Double dose,2033.0000,0.0000,0.0000,0.0000
Double dose,2034.0000,0.0000,0.0000,0.0000
Double dose,2035.0000,0.0000,0.0000,0.0000
Double dose,2036.0000,0.0000,0.0000,0.0000
Double dose,2037.0000,0.0000,0.0000,0.0000
Double dose,2038.0000,0.0000,0.0000,0.0000
Double dose,2039.0000,0.0000,0.0000,0.0000
Double dose,2040.0000,0.0000,0.0000,0.0000
Double dose,2041.0000,0.0000,0.0000,0.0000
Double dose,2042.0000,0.0000,0.0000,0.0000
Double dose,2043.0000,0.0000,0.0000,0.0000
Double dose,2044.0000,0.0000,0.0000,0.0000
Double dose,2045.0000,0.0000,0.0000,0.0000
Double dose,2046.0000,0.0000,0.0000,0.0000
Double dose,2047.0000,0.0000,0.0000,0.0000
Double dose,2048.0000,0.0000,0.0000,0.0000
Double dose,2049.0000,0.0000,0.0000,0.0000
Double dose,2050.0000,0.0000,0.0000,0.0000
Double dose,2051.0000,0.0000,0.0000,0.0000
Double dose,2052.0000,0.0000,0.0000,0.0000
Double dose,2053.0000,0.0000,0.0000,0.0000
Double dose,2054.0000,0.0000,0.0000,0.0000
Double dose,2055.0000,0.0000,0.0000,0.0000
Double dose,2056.0000,0.0000,0.0000,0.0000
Double dose,2057.0000,0.0000,0.0000,0.0000
Double dose,2058.0000,0.0000,0.0000,0.0000
Double dose,2059.0000,0.0000,0.0000,0.0000
Double dose,2060.0000,0.0000,0.0000,0.0000
Double dose,2061.0000,0.0000,0.0000,0.0000
Double dose,2062.0000,0.0000,0.0000,0.0000
Double dose,2063.0000,0.0000,0.0000,0.0000
Double dose,2064.0000,0.0000,0.0000,0.0000
Double dose,2065.0000,0.0000,0.0000,0.0000
Double dose,2066.0000,0.0000,0.0000,0.0000
Double dose,2067.0000,0.0000,0.0000,0.0000
Double dose,2068.0000,0.0000,0.0000,0.0000
Double dose,2069.0000,0.0000,0.0000,0.0000
Double dose,2070.0000,0.0000,0.0000,0.0000
Double dose,2071.0000,0.0000,0.0000,0.0000
Double dose,2072.0000,0.0000,0.0000,0.0000
Double dose,2073.0000,0.0000,0.0000,0.0000
Double dose,2074.0000,0.0000,0.0000,0.0000
Double dose,2075.0000,0.0000,0.0000,0.0000
Double dose,2076.0000,0.0000,0.0000,0.0000
Double dose,2077.0000,0.0000,0.0000,0.0000
Double dose,2078.0000,0.0000,0.0000,0.0000
Double dose,2079.0000,0.0000,0.0000,0.0000
Double dose,2080.0000,0.0000,0.0000,0.0000
Double dose,2081.0000,0.0000,0.0000,0.0000
Double dose,2082.0000,0.0000,0.0000,0.0000
Double dose,2083.0000,0.0000,0.0000,0.0000
Double dose,2084.0000,0.0000,0.0000,0.0000
Double dose,2085.0000,0.0000,0.0000,0.0000
Double dose,2086.0000,0.0000,0.0000,0.0000
Double dose,2087.0000,0.0000,0.0000,0.0000
Double dose,2088.0000,0.0000,0.0000,0.0000
Double dose,2089.0000,0.0000,0.0000,0.0000
Double dose,2090.0000,0.0000,0.0000,0.0000
Double dose,2091.0000,0.0000,0.0000,0.0000
Double dose,2092.0000,0.0000,0.0000,0.0000
Double dose,2093.0000,0.0000,0.0000,0.0000
Double dose,2094.0000,0.0000,0.0000,0.0000
Double dose,2095.0000,0.0000,0.0000,0.0000
Double dose,2096.0000,0.0000,0.0000,0.0000
Double dose,2097.0000,0.0000,0.0000,0.0000
Double dose,2098.0000,0.0000,0.0000,0.0000
Double dose,2099.0000,0.0000,0.0000,0.0000
Double dose,2100.0000,0.0000,0.0000,0.0000
Double dose,2101.0000,0.0000,0.0000,0.0000
Double dose,2102.0000,0.0000,0.0000,0.0000
Double dose,2103.0000,0.0000,0.0000,0.0000
Double dose,2104.0000,0.0000,0.0000,0.0000
Double dose,2105.0000,0.0000,0.0000,0.0000
Double dose,2106.0000,0.0000,0.0000,0.0000
Double dose,2107.0000,0.0000,0.0000,0.0000
Double dose,2108.0000,0.0000,0.0000,0.0000
Double dose,2109.0000,0.0000,0.0000,0.0000
Double dose,2110.0000,0.0000,0.0000,0.0000
Double dose,2111.0000,0.0000,0.0000,0.0000
Double dose,2112.0000,0.0000,0.0000,0.0000
Double dose,2113.0000,0.0000,0.0000,0.0000
Double dose,2114.0000,0.0000,0.0000,0.0000
Double dose,2115.0000,0.0000,0.0000,0.0000
Double dose,2116.0000,0.0000,0.0000,0.0000
Double dose,2117.0000,0.0000,0.0000,0.0000
Double dose,2118.0000,0.0000,0.0000,0.0000
Double dose,2119.0000,0.0000,0.0000,0.0000
Double dose,2120.0000,0.0000,0.0000,0.0000
Double dose,2121.0000,0.0000,0.0000,0.0000
Double dose,2122.0000,0.0000,0.0000,0.0000
Double dose,2123.0000,0.0000,0.0000,0.0000
Double dose,2124.0000,0.0000,0.0000,0.0000
Double dose,2125.0000,0.0000,0.0000,0.0000
Single dose shipments,2024.0000,0.0000,0.0000,0.0000
Single dose shipments,2025.0000,0.0000,0.0000,0.0000
Single dose shipments,2026.0000,0.0000,0.0000,0.0000
Single dose shipments,2027.0000,0.0000,0.0000,0.0000
Single dose shipments,2028.0000,0.0000,0.0000,0.0000
Single dose shipments,2029.0000,0.0000,0.0000,0.0000
Single dose shipments,2030.0000,0.0000,0.0000,0.0000
Single dose shipments,2031.0000,0.0000,0.0000,0.0000
Single dose shipments,2032.0000,0.0000,0.0000,0.0000
Single dose shipments,2033.0000,0.0000,0.0000,0.0000
Single dose shipments,2034.0000,0.0000,0.0000,0.0000
Single dose shipments,2035.0000,0.0000,0.0000,0.0000
Single dose shipments,2036.0000,0.0000,0.0000,0.0000
Single dose shipments,2037.0000,0.0000,0.0000,0.0000
Single dose shipments,2038.0000,0.0000,0.0000,0.0000
Single dose shipments,2039.0000,0.0000,0.0000,0.0000
Single dose shipments,2040.0000,0.0000,0.0000,0.0000
Single dose shipments,2041.0000,0.0000,0.0000,0.0000
Single dose shipments,2042.0000,0.0000,0.0000,0.0000
Single dose shipments,2043.0000,0.0000,0.0000,0.0000
Single dose shipments,2044.0000,0.0000,0.0000,0.0000
Single dose shipments,2045.0000,0.0000,0.0000,0.0000
Single dose shipments,2046.0000,0.0000,0.0000,0.0000
Single dose shipments,2047.0000,0.0000,0.0000,0.0000
Single dose shipments,2048.0000,0.0000,0.0000,0.0000
Single dose shipments,2049.0000,0.0000,0.0000,0.0000
Single dose shipments,2050.0000,0.0000,0.0000,0.0000
Single dose shipments,2051.0000,0.0000,0.0000,0.0000
Single dose shipments,2052.0000,0.0000,0.0000,0.0000
Single dose shipments,2053.0000,0.0000,0.0000,0.0000
Single dose shipments,2054.0000,0.0000,0.0000,0.0000
Single dose shipments,2055.0000,0.0000,0.0000,0.0000
Single dose shipments,2056.0000,0.0000,0.0000,0.0000
Single dose shipments,2057.0000,0.0000,0.0000,0.0000
Single dose shipments,2058.0000,0.0000,0.0000,0.0000
Single dose shipments,2059.0000,0.0000,0.0000,0.0000
Single dose shipments,2060.0000,0.0000,0.0000,0.0000
Single dose shipments,2061.0000,0.0000,0.0000,0.0000
Single dose shipments,2062.0000,0.0000,0.0000,0.0000
Single dose shipments,2063.0000,0.0000,0.0000,0.0000
Single dose shipments,2064.0000,0.0000,0.0000,0.0000
Single dose shipments,2065.0000,0.0000,0.0000,0.0000
Single dose shipments,2066.0000,0.0000,0.0000,0.0000
Single dose shipments,2067.0000,0.0000,0.0000,0.0000
Single dose shipments,2068.0000,0.0000,0.0000,0.0000
Single dose shipments,2069.0000,0.0000,0.0000,0.0000
Single dose shipments,2070.0000,0.0000,0.0000,0.0000
Single dose shipments,2071.0000,0.0000,0.0000,0.0000
Single dose shipments,2072.0000,0.0000,0.0000,0.0000
Single dose shipments,2073.0000,0.0000,0.0000,0.0000
Single dose shipments,2074.0000,0.0000,0.0000,0.0000
Single dose shipments,2075.0000,0.0000,0.0000,0.0000
Single dose shipments,2076.0000,0.0000,0.0000,0.0000
Single dose shipments,2077.0000,0.0000,0.0000,0.0000
Single dose shipments,2078.0000,0.0000,0.0000,0.0000
Single dose shipments,2079.0000,0.0000,0.0000,0.0000
Single dose shipments,2080.0000,0.0000,0.0000,0.0000
Single dose shipments,2081.0000,0.0000,0.0000,0.0000
Single dose shipments,2082.0000,0.0000,0.0000,0.0000
Single dose shipments,2083.0000,0.0000,0.0000,0.0000
Single dose shipments,2084.0000,0.0000,0.0000,0.0000
Single dose shipments,2085.0000,0.0000,0.0000,0.0000
Single dose shipments,2086.0000,0.0000,0.0000,0.0000
Single dose shipments,2087.0000,0.0000,0.0000,0.0000
Single dose shipments,2088.0000,0.0000,0.0000,0.0000
Single dose shipments,2089.0000,0.0000,0.0000,0.0000
Single dose shipments,2090.0000,0.0000,0.0000,0.0000
Single dose shipments,2091.0000,0.0000,0.0000,0.0000
Single dose shipments,2092.0000,0.0000,0.0000,0.0000
Single dose shipments,2093.0000,0.0000,0.0000,0.0000
Single dose shipments,2094.0000,0.0000,0.0000,0.0000
Single dose shipments,2095.0000,0.0000,0.0000,0.0000
Single dose shipments,2096.0000,0.0000,0.0000,0.0000
Single dose shipments,2097.0000,0.0000,0.0000,0.0000
Single dose shipments,2098.0000,0.0000,0.0000,0.0000
Single dose shipments,2099.0000,0.0000,0.0000,0.0000
Single dose shipments,2100.0000,0.0000,0.0000,0.0000
Single dose shipments,2101.0000,0.0000,0.0000,0.0000
Single dose shipments,2102.0000,0.0000,0.0000,0.0000
Single dose shipments,2103.0000,0.0000,0.0000,0.0000
Single dose shipments,2104.0000,0.0000,0.0000,0.0000
Single dose shipments,2105.0000,0.0000,0.0000,0.0000
Single dose shipments,2106.0000,0.0000,0.0000,0.0000
Single dose shipments,2107.0000,0.0000,0.0000,0.0000
Single dose shipments,2108.0000,0.0000,0.0000,0.0000
Single dose shipments,2109.0000,0.0000,0.0000,0.0000
Single dose shipments,2110.0000,0.0000,0.0000,0.0000
Single dose shipments,2111.0000,0.0000,0.0000,0.0000
Single dose shipments,2112.0000,0.0000,0.0000,0.0000
Single dose shipments,2113.0000,0.0000,0.0000,0.0000
Single dose shipments,2114.0000,0.0000,0.0000,0.0000
Single dose shipments,2115.0000,0.0000,0.0000,0.0000
Single dose shipments,2116.0000,0.0000,0.0000,0.0000
Single dose shipments,2117.0000,0.0000,0.0000,0.0000
Single dose shipments,2118.0000,0.0000,0.0000,0.0000
Single dose shipments,2119.0000,0.0000,0.0000,0.0000
Single dose shipments,2120.0000,0.0000,0.0000,0.0000
Single dose shipments,2121.0000,0.0000,0.0000,0.0000
Single dose shipments,2122.0000,0.0000,0.0000,0.0000
Single dose shipments,2123.0000,0.0000,0.0000,0.0000
Single dose shipments,2124.0000,0.0000,0.0000,0.0000
Single dose shipments,2125.0000,0.0000,0.0000,0.0000
Single dose actual,2024.0000,0.0000,0.0000,0.0000
Single dose actual,2025.0000,0.0000,0.0000,0.0000
Single dose actual,2026.0000,0.0000,0.0000,0.0000
Single dose actual,2027.0000,0.0000,0.0000,0.0000
Single dose actual,2028.0000,0.0000,0.0000,0.0000
Single dose actual,2029.0000,0.0000,0.0000,0.0000
Single dose actual,2030.0000,0.0000,0.0000,0.0000
Single dose actual,2031.0000,0.0000,0.0000,0.0000
Single dose actual,2032.0000,0.0000,0.0000,0.0000
Single dose actual,2033.0000,0.0000,0.0000,0.0000
Single dose actual,2034.0000,0.0000,0.0000,0.0000
Single dose actual,2035.0000,0.0000,0.0000,0.0000
Single dose actual,2036.0000,0.0000,0.0000,0.0000
Single dose actual,2037.0000,0.0000,0.0000,0.0000
Single dose actual,2038.0000,0.0000,0.0000,0.0000
Single dose actual,2039.0000,0.0000,0.0000,0.0000
Single dose actual,2040.0000,0.0000,0.0000,0.0000
Single dose actual,2041.0000,0.0000,0.0000,0.0000
Single dose actual,2042.0000,0.0000,0.0000,0.0000
Single dose actual,2043.0000,0.0000,0.0000,0.0000
Single dose actual,2044.0000,0.0000,0.0000,0.0000
Single dose actual,2045.0000,0.0000,0.0000,0.0000
Single dose actual,2046.0000,0.0000,0.0000,0.0000
Single dose actual,2047.0000,0.0000,0.0000,0.0000
Single dose actual,2048.0000,0.0000,0.0000,0.0000
Single dose actual,2049.0000,0.0000,0.0000,0.0000
Single dose actual,2050.0000,0.0000,0.0000,0.0000
Single dose actual,2051.0000,0.0000,0.0000,0.0000
Single dose actual,2052.0000,0.0000,0.0000,0.0000
Single dose actual,2053.0000,0.0000,0.0000,0.0000
Single dose actual,2054.0000,0.0000,0.0000,0.0000
Single dose actual,2055.0000,0.0000,0.0000,0.0000
Single dose actual,2056.0000,0.0000,0.0000,0.0000
Single dose actual,2057.0000,0.0000,0.0000,0.0000
Single dose actual,2058.0000,0.0000,0.0000,0.0000
Single dose actual,2059.0000,0.0000,0.0000,0.0000
Single dose actual,2060.0000,0.0000,0.0000,0.0000
Single dose actual,2061.0000,0.0000,0.0000,0.0000
Single dose actual,2062.0000,0.0000,0.0000,0.0000
Single dose actual,2063.0000,0.0000,0.0000,0.0000
Single dose actual,2064.0000,0.0000,0.0000,0.0000
Single dose actual,2065.0000,0.0000,0.0000,0.0000
Single dose actual,2066.0000,0.0000,0.0000,0.0000
Single dose actual,2067.0000,0.0000,0.0000,0.0000
Single dose actual,2068.0000,0.0000,0.0000,0.0000
Single dose actual,2069.0000,0.0000,0.0000,0.0000
Single dose actual,2070.0000,0.0000,0.0000,0.0000
Single dose actual,2071.0000,0.0000,0.0000,0.0000
Single dose actual,2072.0000,0.0000,0.0000,0.0000
Single dose actual,2073.0000,0.0000,0.0000,0.0000
Single dose actual,2074.0000,0.0000,0.0000,0.0000
Single dose actual,2075.0000,0.0000,0.0000,0.0000
Single dose actual,2076.0000,0.0000,0.0000,0.0000
Single dose actual,2077.0000,0.0000,0.0000,0.0000
Single dose actual,2078.0000,0.0000,0.0000,0.0000
Single dose actual,2079.0000,0.0000,0.0000,0.0000
Single dose actual,2080.0000,0.0000,0.0000,0.0000
Single dose actual,2081.0000,0.0000,0.0000,0.0000
Single dose actual,2082.0000,0.0000,0.0000,0.0000
Single dose actual,2083.0000,0.0000,0.0000,0.0000
Single dose actual,2084.0000,0.0000,0.0000,0.0000
Single dose actual,2085.0000,0.0000,0.0000,0.0000
Single dose actual,2086.0000,0.0000,0.0000,0.0000
Single dose actual,2087.0000,0.0000,0.0000,0.0000
Single dose actual,2088.0000,0.0000,0.0000,0.0000
Single dose actual,2089.0000,0.0000,0.0000,0.0000
Single dose actual,2090.0000,0.0000,0.0000,0.0000
Single dose actual,2091.0000,0.0000,0.0000,0.0000
Single dose actual,2092.0000,0.0000,0.0000,0.0000
Single dose actual,2093.0000,0.0000,0.0000,0.0000
Single dose actual,2094.0000,0.0000,0.0000,0.0000
Single dose actual,2095.0000,0.0000,0.0000,0.0000
Single dose actual,2096.0000,0.0000,0.0000,0.0000
Single dose actual,2097.0000,0.0000,0.0000,0.0000
Single dose actual,2098.0000,0.0000,0.0000,0.0000
Single dose actual,2099.0000,0.0000,0.0000,0.0000
Single dose actual,2100.0000,0.0000,0.0000,0.0000
Single dose actual,2101.0000,0.0000,0.0000,0.0000
Single dose actual,2102.0000,0.0000,0.0000,0.0000
Single dose actual,2103.0000,0.0000,0.0000,0.0000
Single dose actual,2104.0000,0.0000,0.0000,0.0000
Single dose actual,2105.0000,0.0000,0.0000,0.0000
Single dose actual,2106.0000,0.0000,0.0000,0.0000
Single dose actual,2107.0000,0.0000,0.0000,0.0000
Single dose actual,2108.0000,0.0000,0.0000,0.0000
Single dose actual,2109.0000,0.0000,0.0000,0.0000
Single dose actual,2110.0000,0.0000,0.0000,0.0000
Single dose actual,2111.0000,0.0000,0.0000,0.0000
Single dose actual,2112.0000,0.0000,0.0000,0.0000
Single dose actual,2113.0000,0.0000,0.0000,0.0000
Single dose actual,2114.0000,0.0000,0.0000,0.0000
Single dose actual,2115.0000,0.0000,0.0000,0.0000
Single dose actual,2116.0000,0.0000,0.0000,0.0000
Single dose actual,2117.0000,0.0000,0.0000,0.0000
Single dose actual,2118.0000,0.0000,0.0000,0.0000
Single dose actual,2119.0000,0.0000,0.0000,0.0000
Single dose actual,2120.0000,0.0000,0.0000,0.0000
Single dose actual,2121.0000,0.0000,0.0000,0.0000
Single dose actual,2122.0000,0.0000,0.0000,0.0000
Single dose actual,2123.0000,0.0000,0.0000,0.0000
Single dose actual,2124.0000,0.0000,0.0000,0.0000
Single dose actual,2125.0000,0.0000,0.0000,0.0000
